station_id,timestamp,temperature_c,humidity_pct,pressure_hpa,is_anomaly,anomaly_type
INM00043278,2026-01-01 00:00:00,23.6,98.0,1009.9,0,normal
INM00043278,2026-01-01 03:00:00,24.0,99.0,1012.9,0,normal
INM00043278,2026-01-01 06:00:00,25.0,95.0,1012.5,0,normal
INM00043278,2026-01-01 09:00:00,27.0,87.0,1009.8,0,normal
INM00043278,2026-01-01 12:00:00,26.2,88.0,1009.9,0,normal
INM00043278,2026-01-01 15:00:00,25.6,91.0,1011.5,0,normal
INM00043278,2026-01-01 18:00:00,25.4,91.0,1011.7,0,normal
INM00043278,2026-01-02 00:00:00,24.2,96.0,1011.1,0,normal
INM00043278,2026-01-02 03:00:00,25.0,93.0,1014.3,0,normal
INM00043278,2026-01-02 06:00:00,29.2,61.0,1013.9,0,normal
INM00043278,2026-01-02 09:00:00,29.0,67.0,1011.4,0,normal
INM00043278,2026-01-02 12:00:00,27.0,80.0,1011.9,0,normal
INM00043278,2026-01-02 15:00:00,26.0,86.0,1014.0,0,normal
INM00043278,2026-01-02 18:00:00,25.0,88.0,1013.8,0,normal
INM00043278,2026-01-03 00:00:00,24.5,84.0,1012.9,0,normal
INM00043278,2026-01-03 03:00:00,26.0,76.0,1014.6,0,normal
INM00043278,2026-01-03 06:00:00,28.2,62.0,1014.8,0,normal
INM00043278,2026-01-03 09:00:00,28.4,68.0,1011.8,0,normal
INM00043278,2026-01-03 12:00:00,26.6,75.0,1012.3,0,normal
INM00043278,2026-01-03 15:00:00,25.2,81.0,1014.4,0,normal
INM00043278,2026-01-03 18:00:00,24.2,81.0,1014.6,0,normal
INM00043278,2026-01-04 00:00:00,22.0,91.0,1013.2,0,normal
INM00043278,2026-01-04 03:00:00,24.6,85.0,1015.7,0,normal
INM00043278,2026-01-04 06:00:00,28.6,54.0,1015.7,0,normal
INM00043278,2026-01-04 09:00:00,28.4,61.0,1012.8,0,normal
INM00043278,2026-01-04 12:00:00,26.6,72.0,1013.2,0,normal
INM00043278,2026-01-04 15:00:00,25.7,74.0,1014.8,0,normal
INM00043278,2026-01-04 18:00:00,25.5,70.0,1015.0,0,normal
INM00043278,2026-01-05 00:00:00,23.5,82.0,1013.8,0,normal
INM00043278,2026-01-05 03:00:00,26.0,66.0,1016.2,0,normal
INM00043278,2026-01-05 06:00:00,28.6,58.0,1015.9,0,normal
INM00043278,2026-01-05 09:00:00,28.6,61.0,1013.4,0,normal
INM00043278,2026-01-05 12:00:00,26.6,68.0,1013.4,0,normal
INM00043278,2026-01-05 15:00:00,25.7,74.0,1015.7,0,normal
INM00043278,2026-01-05 18:00:00,25.6,74.0,1015.0,0,normal
INM00043278,2026-01-06 00:00:00,25.0,73.0,1013.7,0,normal
INM00043278,2026-01-06 03:00:00,26.0,67.0,1016.1,0,normal
INM00043278,2026-01-06 06:00:00,28.5,60.0,1015.8,0,normal
INM00043278,2026-01-06 09:00:00,28.0,65.0,1013.2,0,normal
INM00043278,2026-01-06 12:00:00,26.6,76.0,1014.0,0,normal
INM00043278,2026-01-06 15:00:00,25.7,86.0,1015.9,0,normal
INM00043278,2026-01-06 18:00:00,25.6,74.0,1015.9,0,normal
INM00043278,2026-01-07 00:00:00,24.6,71.0,1014.7,0,normal
INM00043278,2026-01-07 03:00:00,25.6,67.0,1016.8,0,normal
INM00043278,2026-01-07 06:00:00,28.2,60.0,1016.8,0,normal
INM00043278,2026-01-07 09:00:00,27.6,62.0,1014.3,0,normal
INM00043278,2026-01-07 12:00:00,26.0,69.0,1014.2,0,normal
INM00043278,2026-01-07 15:00:00,25.0,86.0,1016.3,1,humidity_spike
INM00043278,2026-01-07 18:00:00,24.7,73.0,1016.1,0,normal
INM00043278,2026-01-08 03:00:00,26.6,67.0,1016.8,0,normal
INM00043278,2026-01-08 06:00:00,28.2,62.0,1016.6,0,normal
INM00043278,2026-01-08 09:00:00,26.4,76.0,1014.7,0,normal
INM00043278,2026-01-08 15:00:00,25.5,68.0,1015.5,0,normal
INM00043278,2026-01-08 18:00:00,25.0,71.0,1015.4,0,normal
INM00043278,2026-01-09 03:00:00,25.6,73.0,1015.8,0,normal
INM00043278,2026-01-09 06:00:00,27.2,84.0,1015.5,1,humidity_spike
INM00043278,2026-01-09 09:00:00,26.2,70.0,1013.4,0,normal
INM00043278,2026-01-09 12:00:00,25.5,65.0,1012.7,0,normal
INM00043278,2026-01-09 15:00:00,45.5,74.0,1014.3,1,temperature_spike
INM00043278,2026-01-09 18:00:00,25.0,79.0,1014.1,0,normal
INM00043278,2026-01-10 00:00:00,22.0,96.0,1013.7,0,normal
INM00043278,2026-01-10 03:00:00,23.2,86.0,1015.0,0,normal
INM00043278,2026-01-10 06:00:00,27.5,63.0,1014.3,0,normal
INM00043278,2026-01-10 09:00:00,24.5,79.0,1012.5,0,normal
INM00043278,2026-01-10 12:00:00,24.1,83.0,1012.3,0,normal
INM00043278,2026-01-10 15:00:00,23.7,85.0,1014.4,0,normal
INM00043278,2026-01-10 18:00:00,22.7,94.0,1014.6,0,normal
INM00043278,2026-01-11 00:00:00,21.0,87.0,1013.2,0,normal
INM00043278,2026-01-11 03:00:00,21.5,78.0,1016.3,0,normal
INM00043278,2026-01-11 09:00:00,24.0,83.0,1014.3,0,normal
INM00043278,2026-01-11 12:00:00,22.6,95.0,1014.3,0,normal
INM00043278,2026-01-11 15:00:00,23.0,89.0,1015.8,0,normal
INM00043278,2026-01-11 18:00:00,22.5,87.0,1016.3,0,normal
INM00043278,2026-01-12 00:00:00,22.0,95.0,1014.5,0,normal
INM00043278,2026-01-12 03:00:00,22.2,95.0,1017.0,0,normal
INM00043278,2026-01-12 06:00:00,25.5,80.0,1017.0,0,normal
INM00043278,2026-01-12 09:00:00,27.5,75.0,1014.9,0,normal
INM00043278,2026-01-12 12:00:00,26.5,79.0,1014.7,0,normal
INM00043278,2026-01-12 15:00:00,25.5,82.0,1016.9,0,normal
INM00043278,2026-01-12 18:00:00,25.2,85.0,1016.9,0,normal
INM00043278,2026-01-13 00:00:00,25.0,87.0,1015.1,0,normal
INM00043278,2026-01-13 03:00:00,25.6,87.0,1017.4,0,normal
INM00043278,2026-01-13 06:00:00,28.6,68.0,1017.1,0,normal
INM00043278,2026-01-13 09:00:00,29.2,66.0,1014.1,0,normal
INM00043278,2026-01-13 12:00:00,26.7,79.0,1013.9,0,normal
INM00043278,2026-01-13 15:00:00,25.0,87.0,1015.9,0,normal
INM00043278,2026-01-13 18:00:00,24.0,91.0,1015.7,0,normal
INM00043278,2026-01-14 00:00:00,23.2,86.0,1013.7,0,normal
INM00043278,2026-01-14 03:00:00,24.5,91.0,1016.3,0,normal
INM00043278,2026-01-14 09:00:00,30.0,61.0,1012.8,0,normal
INM00043278,2026-01-14 12:00:00,26.6,78.0,1012.2,0,normal
INM00043278,2026-01-14 15:00:00,24.7,90.0,1014.6,0,normal
INM00043278,2026-01-15 00:00:00,22.0,96.0,1012.6,0,normal
INM00043278,2026-01-15 03:00:00,24.5,101.0,1015.0,1,humidity_spike
INM00043278,2026-01-15 06:00:00,29.5,64.0,1014.4,0,normal
INM00043278,2026-01-15 09:00:00,29.6,66.0,1011.3,0,normal
INM00043278,2026-01-15 12:00:00,26.2,87.0,1011.4,0,normal
INM00043278,2026-01-15 15:00:00,25.5,83.0,1013.6,0,normal
INM00043278,2026-01-15 18:00:00,25.1,83.0,1013.3,0,normal
INM00043278,2026-01-16 00:00:00,22.7,95.0,1012.9,0,normal
INM00043278,2026-01-16 03:00:00,25.0,87.0,1015.0,0,normal
INM00043278,2026-01-16 09:00:00,29.2,64.0,1012.2,0,normal
INM00043278,2026-01-16 12:00:00,27.2,71.0,1011.8,0,normal
INM00043278,2026-01-16 15:00:00,24.6,82.0,1013.6,0,normal
INM00043278,2026-01-16 18:00:00,22.7,90.0,1013.1,0,normal
INM00043278,2026-01-17 00:00:00,22.0,95.0,1011.7,0,normal
INM00043278,2026-01-17 03:00:00,24.2,87.0,1014.4,0,normal
INM00043278,2026-01-17 06:00:00,29.2,40.0,1014.3,0,normal
INM00043278,2026-01-17 09:00:00,30.0,53.0,1010.8,0,normal
INM00043278,2026-01-17 12:00:00,26.7,62.0,1010.3,0,normal
INM00043278,2026-01-17 15:00:00,24.5,75.0,1011.9,0,normal
INM00043278,2026-01-17 18:00:00,22.5,85.0,1012.0,0,normal
INM00043278,2026-01-18 00:00:00,20.0,94.0,1010.5,0,normal
INM00043278,2026-01-18 03:00:00,23.5,81.0,1012.9,0,normal
INM00043278,2026-01-18 06:00:00,28.6,49.0,1012.2,0,normal
INM00043278,2026-01-18 09:00:00,29.8,49.0,1008.8,0,normal
INM00043278,2026-01-18 12:00:00,26.7,64.0,1009.3,0,normal
INM00043278,2026-01-18 15:00:00,23.6,80.0,1011.1,0,normal
INM00043278,2026-01-18 18:00:00,22.7,85.0,1011.7,0,normal
INM00043278,2026-01-19 00:00:00,21.0,93.0,1011.1,0,normal
INM00043278,2026-01-19 03:00:00,23.7,81.0,1013.9,0,normal
INM00043278,2026-01-19 06:00:00,28.5,53.0,1013.5,0,normal
INM00043278,2026-01-19 09:00:00,29.7,54.0,1010.3,0,normal
INM00043278,2026-01-19 12:00:00,26.2,72.0,1011.7,0,normal
INM00043278,2026-01-19 15:00:00,23.6,78.0,1013.1,0,normal
INM00043278,2026-01-19 18:00:00,21.7,88.0,1012.4,0,normal
INM00043278,2026-01-20 00:00:00,20.6,95.0,1011.7,0,normal
INM00043278,2026-01-20 03:00:00,23.6,80.0,1013.8,0,normal
INM00043278,2026-01-20 06:00:00,28.6,54.0,1013.8,0,normal
INM00043278,2026-01-20 09:00:00,29.0,62.0,1011.0,0,normal
INM00043278,2026-01-20 12:00:00,26.5,73.0,1011.0,0,normal
INM00043278,2026-01-20 15:00:00,25.0,79.0,1013.0,0,normal
INM00043278,2026-01-20 18:00:00,24.7,82.0,1012.8,0,normal
INM00043278,2026-01-21 03:00:00,24.2,81.0,1015.0,0,normal
INM00043278,2026-01-21 06:00:00,28.2,60.0,1015.2,0,normal
INM00043278,2026-01-21 09:00:00,29.5,55.0,1012.1,0,normal
INM00043278,2026-01-21 12:00:00,26.7,68.0,1011.9,0,normal
INM00043278,2026-01-21 15:00:00,24.7,75.0,1013.6,0,normal
INM00043278,2026-01-21 18:00:00,24.0,75.0,1013.8,0,normal
INM00043278,2026-01-22 00:00:00,21.5,90.0,1013.5,0,normal
INM00043278,2026-01-22 03:00:00,23.7,79.0,1015.1,0,normal
INM00043278,2026-01-22 06:00:00,29.0,57.0,1015.4,0,normal
INM00043278,2026-01-22 12:00:00,27.0,56.0,1012.5,0,normal
INM00043278,2026-01-22 15:00:00,25.6,65.0,1014.1,0,normal
INM00043278,2026-01-22 18:00:00,23.7,69.0,1014.4,0,normal
INM00043278,2026-01-23 00:00:00,22.2,81.0,1013.6,0,normal
INM00043278,2026-01-23 03:00:00,24.6,69.0,1015.7,0,normal
INM00043278,2026-01-23 06:00:00,27.7,68.0,1015.9,0,normal
INM00043278,2026-01-23 09:00:00,27.6,77.0,1013.4,0,normal
INM00043278,2026-01-23 12:00:00,26.7,73.0,1013.1,0,normal
INM00043278,2026-01-23 18:00:00,24.1,79.0,1015.3,0,normal
INM00043278,2026-01-24 00:00:00,23.7,91.0,1014.4,0,normal
INM00043278,2026-01-24 03:00:00,23.6,91.0,1016.6,0,normal
INM00043278,2026-01-24 06:00:00,26.6,72.0,1016.4,0,normal
INM00043278,2026-01-24 12:00:00,24.0,87.0,1013.7,0,normal
INM00043278,2026-01-25 03:00:00,43.0,93.0,1015.5,1,temperature_spike
INM00043278,2026-01-25 06:00:00,25.5,75.0,1015.2,0,normal
INM00043278,2026-01-25 18:00:00,23.2,95.0,1015.5,0,normal
INM00043278,2026-01-26 00:00:00,23.0,95.0,1013.9,0,normal
INM00043278,2026-01-26 09:00:00,27.7,77.0,1014.2,0,normal
INM00043278,2026-01-26 12:00:00,26.2,85.0,1014.3,0,normal
INM00043278,2026-01-26 15:00:00,25.7,83.0,1016.7,0,normal
INM00043278,2026-01-26 18:00:00,25.2,85.0,1016.8,0,normal
INM00043278,2026-01-27 00:00:00,23.0,90.0,1015.9,0,normal
INM00043278,2026-01-27 03:00:00,25.2,81.0,1018.2,0,normal
INM00043278,2026-01-27 06:00:00,28.5,63.0,1017.9,0,normal
INM00043278,2026-01-27 09:00:00,28.7,60.0,1014.5,0,normal
INM00043278,2026-01-27 12:00:00,26.7,68.0,1014.5,0,normal
INM00043278,2026-01-27 15:00:00,25.0,77.0,1016.3,0,normal
INM00043278,2026-01-27 18:00:00,23.5,88.0,1016.1,0,normal
INM00043278,2026-01-28 00:00:00,22.2,93.0,1014.5,0,normal
INM00043278,2026-01-28 03:00:00,24.0,83.0,1017.0,0,normal
INM00043278,2026-01-28 06:00:00,27.5,67.0,1016.3,0,normal
INM00043278,2026-01-28 09:00:00,28.6,58.0,1013.6,0,normal
INM00043278,2026-01-28 12:00:00,27.0,66.0,1013.3,0,normal
INM00043278,2026-01-28 15:00:00,25.1,74.0,1014.8,0,normal
INM00043278,2026-01-28 18:00:00,24.2,77.0,1014.7,0,normal
INM00043278,2026-01-29 00:00:00,22.7,90.0,1012.8,0,normal
INM00043278,2026-01-29 03:00:00,24.2,85.0,1015.8,0,normal
INM00043278,2026-01-29 06:00:00,28.2,56.0,1015.8,0,normal
INM00043278,2026-01-29 09:00:00,28.8,56.0,1012.6,0,normal
INM00043278,2026-01-29 12:00:00,26.7,66.0,1013.1,0,normal
INM00043278,2026-01-29 15:00:00,25.2,74.0,1015.3,0,normal
INM00043278,2026-01-29 18:00:00,24.0,81.0,1015.5,0,normal
INM00043278,2026-01-30 00:00:00,22.0,86.0,1014.1,0,normal
INM00043278,2026-01-30 03:00:00,24.0,81.0,1016.4,0,normal
INM00043278,2026-01-30 06:00:00,28.2,53.0,1016.4,0,normal
INM00043278,2026-01-30 09:00:00,29.0,51.0,1013.5,0,normal
INM00043278,2026-01-30 12:00:00,26.5,60.0,1013.8,0,normal
INM00043278,2026-01-30 15:00:00,25.0,68.0,1015.4,0,normal
INM00043278,2026-01-31 00:00:00,23.0,74.0,1014.4,0,normal
INM00043278,2026-01-31 03:00:00,24.8,71.0,1016.7,0,normal
INM00043278,2026-01-31 06:00:00,28.5,53.0,1016.9,0,normal
INM00043278,2026-01-31 09:00:00,29.0,58.0,1013.8,0,normal
INM00043278,2026-01-31 12:00:00,26.7,63.0,1013.5,0,normal
INM00043278,2026-01-31 15:00:00,25.2,74.0,1015.0,0,normal
INM00043278,2026-01-31 18:00:00,25.2,70.0,1015.2,0,normal
INM00043278,2026-02-01 00:00:00,24.5,73.0,1014.1,0,normal
INM00043278,2026-02-01 03:00:00,25.0,79.0,1016.4,0,normal
INM00043278,2026-02-01 06:00:00,29.0,58.0,1016.7,0,normal
INM00043278,2026-02-01 09:00:00,29.4,83.0,1014.2,0,normal
INM00043278,2026-02-01 12:00:00,27.2,64.0,1014.0,0,normal
INM00043278,2026-02-01 15:00:00,25.5,74.0,1015.5,0,normal
INM00043278,2026-02-01 18:00:00,25.2,73.0,1016.1,0,normal
INM00043278,2026-02-02 00:00:00,24.2,81.0,1014.5,0,normal
INM00043278,2026-02-02 03:00:00,25.0,79.0,1016.4,0,normal
INM00043278,2026-02-02 06:00:00,28.5,54.0,1016.2,0,normal
INM00043278,2026-02-02 09:00:00,28.8,55.0,1013.3,0,normal
INM00043278,2026-02-02 12:00:00,27.0,64.0,1013.5,0,normal
INM00043278,2026-02-02 15:00:00,25.7,73.0,1015.1,0,normal
INM00043278,2026-02-02 18:00:00,25.2,82.0,1015.4,1,humidity_spike
INM00043278,2026-02-03 00:00:00,22.0,84.0,1014.7,0,normal
INM00043278,2026-02-03 03:00:00,24.2,75.0,1016.5,0,normal
INM00043278,2026-02-03 06:00:00,28.5,53.0,1016.5,0,normal
INM00043278,2026-02-03 09:00:00,29.1,50.0,1014.2,0,normal
INM00043278,2026-02-03 12:00:00,26.2,59.0,1014.3,0,normal
INM00043278,2026-02-03 15:00:00,25.3,65.0,1015.4,0,normal
INM00043278,2026-02-03 18:00:00,25.0,65.0,1015.6,0,normal
INM00043278,2026-02-04 00:00:00,23.5,79.0,1014.2,0,normal
INM00043278,2026-02-04 03:00:00,25.2,74.0,1016.4,0,normal
INM00043278,2026-02-04 06:00:00,29.5,57.0,1016.1,0,normal
INM00043278,2026-02-04 09:00:00,29.2,59.0,1013.5,0,normal
INM00043278,2026-02-04 15:00:00,25.2,70.0,1015.3,0,normal
INM00043278,2026-02-04 18:00:00,24.5,75.0,1015.7,0,normal
INM00043278,2026-02-05 00:00:00,22.1,85.0,1014.3,0,normal
INM00043278,2026-02-05 03:00:00,24.3,77.0,1016.4,0,normal
INM00043278,2026-02-05 06:00:00,29.5,52.0,1016.5,0,normal
INM00043278,2026-02-05 09:00:00,29.0,61.0,1013.8,0,normal
INM00043278,2026-02-05 12:00:00,27.5,64.0,1014.0,0,normal
INM00043278,2026-02-05 18:00:00,25.0,79.0,1016.8,0,normal
INM00043278,2026-02-06 00:00:00,23.0,85.0,1014.8,0,normal
INM00043278,2026-02-06 03:00:00,25.0,76.0,1017.0,0,normal
INM00043278,2026-02-06 06:00:00,29.0,54.0,1016.6,0,normal
INM00043278,2026-02-06 09:00:00,29.7,52.0,1014.2,0,normal
INM00043278,2026-02-06 12:00:00,27.5,57.0,1014.5,0,normal
INM00043278,2026-02-06 15:00:00,25.5,73.0,1016.0,0,normal
INM00043278,2026-02-06 18:00:00,24.5,77.0,1015.8,0,normal
INM00043278,2026-02-07 00:00:00,22.2,89.0,1014.0,0,normal
INM00043278,2026-02-07 03:00:00,24.4,80.0,1016.4,0,normal
INM00043278,2026-02-07 06:00:00,29.6,49.0,1015.7,0,normal
INM00043278,2026-02-07 09:00:00,29.0,58.0,1013.2,0,normal
INM00043278,2026-02-07 12:00:00,27.7,65.0,1012.3,0,normal
INM00043278,2026-02-07 15:00:00,25.2,79.0,1014.4,0,normal
INM00043278,2026-02-07 18:00:00,24.2,100.0,1014.3,1,humidity_spike
INM00043278,2026-02-08 00:00:00,22.5,91.0,1013.4,0,normal
INM00043278,2026-02-08 03:00:00,24.0,87.0,1014.8,0,normal
INM00043278,2026-02-08 06:00:00,30.5,33.0,1014.3,0,normal
INM00043278,2026-02-08 09:00:00,50.5,50.0,1011.8,1,temperature_spike
INM00043278,2026-02-08 12:00:00,27.2,71.0,1011.0,0,normal
INM00043278,2026-02-08 18:00:00,24.5,79.0,1013.4,0,normal
INM00043278,2026-02-09 00:00:00,21.2,89.0,1012.5,0,normal
INM00043278,2026-02-09 03:00:00,24.7,79.0,1015.1,0,normal
INM00043278,2026-02-09 06:00:00,29.6,54.0,1015.1,0,normal
INM00043278,2026-02-09 09:00:00,29.5,64.0,1012.3,1,humidity_spike
INM00043278,2026-02-09 12:00:00,27.2,64.0,1012.0,0,normal
INM00043278,2026-02-09 15:00:00,25.5,70.0,1013.5,0,normal
INM00043278,2026-02-09 18:00:00,24.5,73.0,1013.8,0,normal
INM00043278,2026-02-10 00:00:00,22.0,86.0,1012.6,0,normal
INM00043278,2026-02-10 03:00:00,23.7,83.0,1015.0,0,normal
INM00043278,2026-02-10 06:00:00,29.5,51.0,1015.0,0,normal
INM00043278,2026-02-10 09:00:00,44.1,55.0,1013.0,1,temperature_spike
INM00043278,2026-02-10 12:00:00,27.6,61.0,1013.1,0,normal
INM00043278,2026-02-10 15:00:00,25.8,66.0,1015.4,0,normal
INM00043278,2026-02-10 18:00:00,25.0,68.0,1016.0,0,normal
INM00043278,2026-02-11 00:00:00,21.7,84.0,1014.4,0,normal
INM00043278,2026-02-11 03:00:00,23.8,75.0,1017.0,0,normal
INM00043278,2026-02-11 06:00:00,27.7,49.0,1016.9,0,normal
INM00043278,2026-02-11 09:00:00,27.4,55.0,1014.0,0,normal
INM00043278,2026-02-11 12:00:00,26.0,63.0,1013.3,0,normal
INM00043278,2026-02-11 15:00:00,25.0,65.0,1016.0,0,normal
INM00043278,2026-02-11 18:00:00,24.7,66.0,1016.1,0,normal
INM00043278,2026-02-12 00:00:00,22.0,81.0,1014.3,0,normal
INM00043278,2026-02-12 03:00:00,24.5,71.0,1015.7,0,normal
INM00043278,2026-02-12 06:00:00,29.6,54.0,1015.2,0,normal
INM00043278,2026-02-12 09:00:00,29.5,54.0,1012.4,0,normal
INM00043278,2026-02-12 12:00:00,27.1,65.0,1012.8,0,normal
INM00043278,2026-02-12 15:00:00,25.6,72.0,1014.8,0,normal
INM00043278,2026-02-12 18:00:00,25.2,76.0,1014.4,0,normal
INM00043278,2026-02-13 00:00:00,22.7,86.0,1013.0,0,normal
INM00043278,2026-02-13 03:00:00,25.0,76.0,1015.1,0,normal
INM00043278,2026-02-13 06:00:00,29.5,55.0,1014.8,0,normal
INM00043278,2026-02-13 09:00:00,30.6,58.0,1011.8,0,normal
INM00043278,2026-02-13 12:00:00,28.2,70.0,1011.9,0,normal
INM00043278,2026-02-13 15:00:00,26.0,77.0,1012.2,0,normal
INM00043278,2026-02-13 18:00:00,25.7,80.0,1012.7,0,normal
INM00043278,2026-02-14 00:00:00,23.5,88.0,1012.4,0,normal
INM00043278,2026-02-14 03:00:00,25.0,83.0,1014.7,0,normal
INM00043278,2026-02-14 06:00:00,29.7,56.0,1014.1,0,normal
INM00043278,2026-02-14 09:00:00,29.7,64.0,1011.9,0,normal
INM00043278,2026-02-14 12:00:00,28.0,70.0,1011.6,0,normal
INM00043278,2026-02-14 15:00:00,25.7,81.0,1012.8,0,normal
INM00043278,2026-02-14 18:00:00,25.0,83.0,1013.5,0,normal
INM00043278,2026-02-15 03:00:00,25.0,87.0,1013.9,0,normal
INM00043278,2026-02-15 06:00:00,30.2,52.0,1014.0,0,normal
INM00043278,2026-02-15 09:00:00,30.8,55.0,1011.5,0,normal
INM00043278,2026-02-15 12:00:00,28.2,66.0,1010.8,0,normal
INM00043278,2026-02-15 15:00:00,26.0,80.0,1012.3,0,normal
INM00043278,2026-02-15 18:00:00,25.0,84.0,1012.5,0,normal
INM00043278,2026-02-16 00:00:00,22.0,93.0,1010.6,0,normal
INM00043278,2026-02-16 03:00:00,24.7,88.0,1013.3,0,normal
INM00043278,2026-02-16 06:00:00,29.6,62.0,1012.9,1,temperature_stuck
INM00043278,2026-02-16 12:00:00,29.6,68.0,1009.8,1,temperature_stuck
INM00043278,2026-02-16 15:00:00,29.6,76.0,1011.8,1,temperature_stuck
INM00043278,2026-02-16 18:00:00,29.6,80.0,1012.1,1,temperature_stuck
INM00043278,2026-02-17 00:00:00,29.6,87.0,1010.5,1,temperature_stuck
INM00043278,2026-02-17 03:00:00,29.6,80.0,1013.1,1,temperature_stuck
INM00043278,2026-02-17 06:00:00,29.6,63.0,1013.3,1,temperature_stuck
INM00043278,2026-02-17 09:00:00,29.6,59.0,1011.3,1,temperature_stuck
INM00043278,2026-02-17 12:00:00,29.6,62.0,1011.7,1,temperature_stuck
INM00043278,2026-02-17 15:00:00,29.6,69.0,1013.0,1,temperature_stuck
INM00043278,2026-02-17 18:00:00,29.6,73.0,1012.8,1,temperature_stuck
INM00043278,2026-02-18 00:00:00,29.6,85.0,1011.1,1,temperature_stuck
INM00043278,2026-02-18 03:00:00,29.6,82.0,1013.6,1,temperature_stuck
INM00043278,2026-02-18 06:00:00,29.6,60.0,1013.2,1,temperature_stuck
INM00043278,2026-02-18 09:00:00,29.6,62.0,1010.6,1,temperature_stuck
INM00043278,2026-02-18 12:00:00,29.6,67.0,1010.4,1,temperature_stuck
INM00043278,2026-02-18 15:00:00,26.1,80.0,1012.3,0,normal
INM00043278,2026-02-18 18:00:00,25.6,79.0,1012.6,0,normal
INM00043278,2026-02-19 00:00:00,24.1,86.0,1011.3,0,normal
INM00043278,2026-02-19 03:00:00,26.2,75.0,1013.3,0,normal
INM00043278,2026-02-19 06:00:00,29.5,68.0,1013.6,0,normal
INM00043278,2026-02-19 09:00:00,29.6,69.0,1010.8,0,normal
INM00043278,2026-02-19 12:00:00,28.0,75.0,1011.3,0,normal
INM00043278,2026-02-19 15:00:00,26.7,79.0,1013.2,0,normal
INM00043278,2026-02-19 18:00:00,26.5,84.0,1013.7,0,normal
INM00043278,2026-02-20 00:00:00,24.7,89.0,1012.3,0,normal
INM00043278,2026-02-20 03:00:00,26.0,86.0,1013.9,0,normal
INM00043278,2026-02-20 06:00:00,30.2,64.0,1014.4,0,normal
INM00043278,2026-02-20 09:00:00,31.4,60.0,1010.6,0,normal
INM00043278,2026-02-20 12:00:00,28.7,74.0,1010.2,0,normal
INM00043278,2026-02-20 15:00:00,27.5,81.0,1012.8,0,normal
INM00043278,2026-02-20 18:00:00,26.7,86.0,1012.7,0,normal
INM00043278,2026-02-21 00:00:00,25.0,93.0,1010.2,0,normal
INM00043278,2026-02-21 03:00:00,26.0,88.0,1012.0,0,normal
INM00043278,2026-02-21 06:00:00,30.2,72.0,1011.5,0,normal
INM00043278,2026-02-21 09:00:00,31.0,68.0,1007.7,0,normal
INM00043278,2026-02-21 12:00:00,28.7,77.0,1007.9,0,normal
INM00043278,2026-02-21 15:00:00,27.5,86.0,1009.5,0,normal
INM00043278,2026-02-21 18:00:00,27.0,87.0,1009.7,0,normal
INM00043278,2026-02-22 00:00:00,25.7,94.0,1007.2,0,normal
INM00043278,2026-02-22 03:00:00,27.0,86.0,1009.1,0,normal
INM00043278,2026-02-22 06:00:00,30.7,65.0,1008.4,0,normal
INM00043278,2026-02-22 09:00:00,31.2,66.0,1006.9,0,normal
INM00043278,2026-02-22 12:00:00,28.6,78.0,1006.2,0,normal
INM00043278,2026-02-22 15:00:00,27.2,83.0,1008.5,0,normal
INM00043278,2026-02-22 18:00:00,26.7,86.0,1008.9,0,normal
INM00043278,2026-02-23 00:00:00,25.2,93.0,1007.3,0,normal
INM00043278,2026-02-23 03:00:00,26.5,88.0,1009.5,0,normal
INM00043278,2026-02-23 06:00:00,31.6,61.0,1009.5,0,normal
INM00043278,2026-02-23 09:00:00,31.2,66.0,1005.9,0,normal
INM00043278,2026-02-23 12:00:00,28.7,77.0,1006.4,0,normal
INM00043278,2026-02-23 15:00:00,26.7,86.0,1008.4,0,normal
INM00043278,2026-02-23 18:00:00,26.5,85.0,1008.6,0,normal
INM00043278,2026-02-24 00:00:00,25.5,90.0,1007.5,0,normal
INM00043278,2026-02-24 03:00:00,27.0,84.0,1011.2,0,normal
INM00043278,2026-02-24 06:00:00,29.6,69.0,1011.0,0,normal
INM00043278,2026-02-24 09:00:00,31.2,60.0,1007.8,0,normal
INM00043278,2026-02-24 12:00:00,29.1,73.0,1008.2,0,normal
INM00043278,2026-02-24 15:00:00,27.1,84.0,1010.0,0,normal
INM00043278,2026-02-25 00:00:00,24.5,92.0,1009.7,0,normal
INM00043278,2026-02-25 03:00:00,27.0,84.0,1012.2,0,normal
INM00043278,2026-02-25 06:00:00,29.5,71.0,1012.1,0,normal
INM00043278,2026-02-25 09:00:00,31.2,66.0,1009.1,0,normal
INM00043278,2026-02-25 12:00:00,28.7,77.0,1009.9,0,normal
INM00043278,2026-02-25 15:00:00,27.0,86.0,1011.5,0,normal
INM00043278,2026-02-25 18:00:00,25.7,89.0,1011.7,0,normal
INM00043278,2026-02-26 00:00:00,24.5,94.0,1010.4,0,normal
INM00043278,2026-02-26 06:00:00,31.0,66.0,1010.9,0,normal
INM00043278,2026-02-26 09:00:00,31.5,62.0,1008.2,0,normal
INM00043278,2026-02-26 12:00:00,29.2,70.0,1008.1,0,normal
INM00043278,2026-02-26 15:00:00,27.2,80.0,1009.4,0,normal
INM00043278,2026-02-26 18:00:00,26.2,84.0,1009.2,0,normal
INM00043278,2026-02-27 00:00:00,24.5,91.0,1007.7,0,normal
INM00043278,2026-02-27 03:00:00,26.3,84.0,1010.0,0,normal
INM00043278,2026-02-27 06:00:00,31.2,60.0,1009.6,0,normal
INM00043278,2026-02-27 09:00:00,31.2,61.0,1006.9,0,normal
INM00043278,2026-02-27 12:00:00,29.0,78.0,1006.7,0,normal
INM00043278,2026-02-27 15:00:00,27.2,81.0,1008.0,0,normal
INM00043278,2026-02-27 18:00:00,26.5,84.0,1008.2,0,normal
INM00043278,2026-02-28 00:00:00,25.0,92.0,1007.3,0,normal
INM00043278,2026-02-28 03:00:00,51.6,86.0,1009.9,1,temperature_spike
INM00043278,2026-02-28 06:00:00,31.6,52.0,1009.5,0,normal
INM00043278,2026-02-28 09:00:00,31.7,48.0,1007.3,0,normal
INM00043278,2026-02-28 12:00:00,29.5,63.0,1007.2,0,normal
INM00043278,2026-02-28 15:00:00,27.5,82.0,1008.7,0,normal
INM00043278,2026-02-28 18:00:00,26.5,87.0,1008.6,0,normal
INM00043278,2026-03-01 00:00:00,24.5,94.0,1007.6,0,normal
INM00043278,2026-03-01 03:00:00,26.2,90.0,1010.2,0,normal
INM00043278,2026-03-01 06:00:00,32.2,54.0,1009.9,0,normal
INM00043278,2026-03-01 09:00:00,31.5,61.0,1008.4,0,normal
INM00043278,2026-03-01 12:00:00,29.2,76.0,1008.3,0,normal
INM00043278,2026-03-01 15:00:00,27.2,83.0,1009.9,0,normal
INM00043278,2026-03-02 00:00:00,24.2,95.0,1009.2,0,normal
INM00043278,2026-03-02 03:00:00,26.2,86.0,1011.6,0,normal
INM00043278,2026-03-02 06:00:00,31.5,51.0,1012.0,0,normal
INM00043278,2026-03-02 12:00:00,29.6,69.0,1008.9,0,normal
INM00043278,2026-03-02 15:00:00,27.0,78.0,1010.6,0,normal
INM00043278,2026-03-03 00:00:00,23.2,93.0,1009.7,0,normal
INM00043278,2026-03-03 03:00:00,26.2,81.0,1012.2,0,normal
INM00043278,2026-03-03 06:00:00,31.5,51.0,1012.1,0,normal
INM00043278,2026-03-03 09:00:00,31.2,57.0,1009.5,0,normal
INM00043278,2026-03-03 12:00:00,29.0,67.0,1009.9,0,normal
INM00043278,2026-03-03 15:00:00,27.0,86.0,1011.6,0,normal
INM00043278,2026-03-04 00:00:00,23.7,92.0,1010.4,0,normal
INM00043278,2026-03-04 03:00:00,26.6,80.0,1013.1,0,normal
INM00043278,2026-03-04 06:00:00,31.6,47.0,1013.2,0,normal
INM00043278,2026-03-04 09:00:00,31.7,49.0,1010.3,0,normal
INM00043278,2026-03-04 12:00:00,29.7,60.0,1009.4,0,normal
INM00043278,2026-03-04 15:00:00,27.2,75.0,1011.5,0,normal
INM00043278,2026-03-05 00:00:00,24.6,90.0,1010.6,0,normal
INM00043278,2026-03-05 03:00:00,27.2,80.0,1012.1,0,normal
INM00043278,2026-03-05 06:00:00,32.7,50.0,1010.8,0,normal
INM00043278,2026-03-05 09:00:00,34.7,50.0,1007.4,0,normal
INM00043278,2026-03-05 12:00:00,30.7,61.0,1006.7,0,normal
INM00043278,2026-03-05 15:00:00,28.0,82.0,1008.9,0,normal
INM00043278,2026-03-06 00:00:00,25.5,88.0,1007.9,0,normal
INM00043278,2026-03-06 03:00:00,27.0,70.0,1010.4,0,normal
INM00043278,2026-03-06 06:00:00,34.5,31.0,1010.0,0,normal
INM00043278,2026-03-06 09:00:00,33.0,51.0,1006.9,0,normal
INM00043278,2026-03-06 12:00:00,30.5,61.0,1006.2,0,normal
INM00043278,2026-03-06 15:00:00,28.0,82.0,1007.8,0,normal
INM00043278,2026-03-07 00:00:00,25.5,91.0,1008.4,0,normal
INM00043278,2026-03-07 03:00:00,27.4,80.0,1010.9,0,normal
INM00043278,2026-03-07 06:00:00,32.2,59.0,1010.3,0,normal
INM00043278,2026-03-07 09:00:00,31.3,65.0,1008.3,0,normal
INM00043278,2026-03-07 12:00:00,28.7,78.0,1008.0,0,normal
INM00043278,2026-03-07 15:00:00,27.6,81.0,1010.0,0,normal
INM00043278,2026-03-08 00:00:00,25.0,93.0,1009.7,0,normal
INM00043278,2026-03-08 03:00:00,27.4,81.0,1011.8,0,normal
INM00043278,2026-03-08 06:00:00,31.6,59.0,1011.2,0,normal
INM00043278,2026-03-08 09:00:00,31.2,64.0,1008.5,0,normal
INM00043278,2026-03-08 15:00:00,27.7,79.0,1010.9,0,normal
INM00043278,2026-03-09 00:00:00,26.0,89.0,1010.4,0,normal
INM00043278,2026-03-09 03:00:00,27.6,81.0,1012.4,0,normal
INM00043278,2026-03-09 06:00:00,30.7,62.0,1012.5,0,normal
INM00043278,2026-03-09 09:00:00,30.4,64.0,1010.7,0,normal
INM00043278,2026-03-09 12:00:00,29.2,71.0,1010.0,0,normal
INM00043278,2026-03-09 15:00:00,27.1,88.0,1012.0,1,humidity_spike
INM00043278,2026-03-10 00:00:00,24.2,92.0,1011.9,0,normal
INM00043278,2026-03-10 03:00:00,28.5,67.0,1014.3,0,normal
INM00043278,2026-03-10 06:00:00,30.6,64.0,1014.5,0,normal
INM00043278,2026-03-10 09:00:00,31.4,60.0,1012.2,0,normal
INM00043278,2026-03-10 12:00:00,29.0,67.0,1011.7,0,normal
INM00043278,2026-03-10 15:00:00,27.0,77.0,1013.2,0,normal
INM00043278,2026-03-11 00:00:00,23.7,92.0,1012.6,0,normal
INM00043278,2026-03-11 03:00:00,27.5,78.0,1014.5,0,normal
INM00043278,2026-03-11 06:00:00,31.6,56.0,1013.4,0,normal
INM00043278,2026-03-11 09:00:00,32.0,54.0,1010.5,0,normal
INM00043278,2026-03-11 12:00:00,29.1,73.0,1010.1,0,normal
INM00043278,2026-03-11 15:00:00,27.6,81.0,1011.7,0,normal
INM00043278,2026-03-12 00:00:00,26.0,89.0,1010.1,0,normal
INM00043278,2026-03-12 03:00:00,27.4,83.0,1012.1,0,normal
INM00043278,2026-03-12 06:00:00,31.0,66.0,1011.3,0,normal
INM00043278,2026-03-12 09:00:00,32.0,55.0,1008.0,0,normal
INM00043278,2026-03-12 12:00:00,29.6,70.0,1008.1,0,normal
INM00043278,2026-03-12 15:00:00,27.6,89.0,1009.2,0,normal
INM00043278,2026-03-13 00:00:00,25.5,94.0,1008.6,0,normal
INM00043278,2026-03-13 03:00:00,27.6,83.0,1010.7,0,normal
INM00043278,2026-03-13 06:00:00,31.0,66.0,1010.2,0,normal
INM00043278,2026-03-13 09:00:00,31.0,59.0,1007.6,0,normal
INM00043278,2026-03-13 12:00:00,29.0,74.0,1007.8,0,normal
INM00043278,2026-03-14 00:00:00,25.5,93.0,1009.9,0,normal
INM00043278,2026-03-14 03:00:00,27.6,81.0,1012.4,0,normal
INM00043278,2026-03-14 06:00:00,31.7,63.0,1012.3,0,normal
INM00043278,2026-03-14 09:00:00,31.1,63.0,1009.9,0,normal
INM00043278,2026-03-14 12:00:00,29.1,73.0,1009.2,0,normal
INM00043278,2026-03-14 15:00:00,27.5,81.0,1011.3,0,normal
INM00043278,2026-03-15 00:00:00,25.0,95.0,1011.0,0,normal
INM00043278,2026-03-15 03:00:00,28.0,78.0,1013.2,0,normal
INM00043278,2026-03-15 06:00:00,31.6,59.0,1013.2,0,normal
INM00043278,2026-03-15 09:00:00,32.0,58.0,1010.1,0,normal
INM00043278,2026-03-15 12:00:00,29.2,75.0,1009.4,0,normal
INM00043278,2026-03-15 15:00:00,27.5,84.0,1010.7,0,normal
INM00043278,2026-03-16 00:00:00,25.0,94.0,1010.0,0,normal
INM00043278,2026-03-16 03:00:00,28.0,78.0,1012.9,0,normal
INM00043278,2026-03-16 06:00:00,31.0,62.0,1011.8,0,normal
INM00043278,2026-03-16 09:00:00,31.2,67.0,1008.6,0,normal
INM00043278,2026-03-16 12:00:00,29.5,76.0,1007.9,0,normal
INM00043278,2026-03-16 15:00:00,27.7,80.0,1010.3,0,normal
INM00043278,2026-03-17 00:00:00,25.7,91.0,1009.0,0,normal
INM00043278,2026-03-17 03:00:00,28.8,72.0,1010.9,0,normal
INM00043278,2026-03-17 06:00:00,32.0,53.0,1010.7,0,normal
INM00043278,2026-03-17 09:00:00,31.0,61.0,1008.6,0,normal
INM00043278,2026-03-17 12:00:00,29.0,70.0,1008.5,0,normal
INM00043278,2026-03-17 15:00:00,28.0,74.0,1009.7,0,normal
INM00043278,2026-03-18 00:00:00,26.0,87.0,1010.0,0,normal
INM00043278,2026-03-18 03:00:00,28.5,74.0,1011.3,0,normal
INM00043278,2026-03-18 06:00:00,31.5,57.0,1011.6,0,normal
INM00043278,2026-03-18 09:00:00,30.7,70.0,1009.3,0,normal
INM00043278,2026-03-18 12:00:00,30.0,79.0,1009.1,0,normal
INM00043278,2026-03-18 15:00:00,28.1,81.0,1010.7,0,normal
INM00043278,2026-03-19 00:00:00,22.7,94.0,1010.3,0,normal
INM00043278,2026-03-19 03:00:00,26.2,84.0,1012.3,0,normal
INM00043278,2026-03-19 06:00:00,30.1,69.0,1012.1,0,normal
INM00043278,2026-03-19 09:00:00,30.5,62.0,1009.5,0,normal
INM00043278,2026-03-19 12:00:00,28.5,73.0,1008.7,0,normal
INM00043278,2026-03-19 15:00:00,26.6,81.0,1010.6,0,normal
INM00043278,2026-03-20 00:00:00,25.7,91.0,1009.3,0,normal
INM00043278,2026-03-20 03:00:00,28.0,76.0,1011.4,0,normal
INM00043278,2026-03-20 06:00:00,31.0,63.0,1012.2,0,normal
INM00043278,2026-03-20 09:00:00,31.5,63.0,1008.3,0,normal
INM00043278,2026-03-20 12:00:00,29.7,71.0,1007.6,0,normal
INM00043278,2026-03-20 15:00:00,28.0,78.0,1009.1,0,normal
INM00043278,2026-03-21 00:00:00,26.2,92.0,1009.1,0,normal
INM00043278,2026-03-21 03:00:00,28.9,79.0,1011.9,0,normal
INM00043278,2026-03-21 09:00:00,31.0,69.0,1008.6,0,normal
INM00043278,2026-03-21 12:00:00,30.0,67.0,1008.1,0,normal
INM00043278,2026-03-21 15:00:00,28.0,83.0,1009.5,0,normal
INM00043278,2026-03-22 00:00:00,26.5,88.0,1009.5,0,normal
INM00043278,2026-03-22 03:00:00,29.0,75.0,1012.0,0,normal
INM00043278,2026-03-22 06:00:00,32.0,64.0,1011.9,0,normal
INM00043278,2026-03-22 09:00:00,32.0,65.0,1009.4,0,normal
INM00043278,2026-03-22 15:00:00,28.0,85.0,1010.8,0,normal
INM00043278,2026-03-23 00:00:00,25.6,91.0,1010.4,0,normal
INM00043278,2026-03-23 03:00:00,28.7,85.0,1012.1,0,normal
INM00043278,2026-03-23 06:00:00,31.0,61.0,1011.8,0,normal
INM00043278,2026-03-23 09:00:00,32.0,58.0,1009.2,0,normal
INM00043278,2026-03-23 12:00:00,29.6,69.0,1009.0,0,normal
INM00043278,2026-03-23 15:00:00,27.5,87.0,1010.3,0,normal
INM00043278,2026-03-24 00:00:00,25.5,91.0,1009.4,0,normal
INM00043278,2026-03-24 03:00:00,28.1,81.0,1011.6,0,normal
INM00043278,2026-03-24 06:00:00,31.2,61.0,1011.6,0,normal
INM00043278,2026-03-24 09:00:00,31.5,60.0,1008.2,0,normal
INM00043278,2026-03-24 12:00:00,29.2,68.0,1008.1,0,normal
INM00043278,2026-03-24 15:00:00,27.7,73.0,1010.1,0,normal
INM00043278,2026-03-25 00:00:00,25.7,89.0,1009.1,0,normal
INM00043278,2026-03-25 03:00:00,28.0,78.0,1011.9,0,normal
INM00043278,2026-03-25 06:00:00,31.6,61.0,1011.1,0,normal
INM00043278,2026-03-25 09:00:00,31.6,63.0,1009.0,0,normal
INM00043278,2026-03-25 12:00:00,29.6,69.0,1007.8,0,normal
INM00043278,2026-03-25 15:00:00,28.0,76.0,1010.2,0,normal
INM00043278,2026-03-26 00:00:00,25.2,91.0,1009.9,0,normal
INM00043278,2026-03-26 03:00:00,28.0,78.0,1011.8,0,normal
INM00043278,2026-03-26 06:00:00,31.2,58.0,1011.8,0,normal
INM00043278,2026-03-26 09:00:00,31.2,58.0,1009.5,0,normal
INM00043278,2026-03-26 12:00:00,29.7,67.0,1009.0,0,normal
INM00043278,2026-03-26 15:00:00,27.7,83.0,1010.9,0,normal
INM00043278,2026-04-02 00:00:00,26.0,79.0,1009.6,0,normal
INM00043278,2026-04-02 03:00:00,29.5,69.0,1012.0,0,normal
INM00043278,2026-04-02 06:00:00,33.0,51.0,1012.1,0,normal
INM00043278,2026-04-02 09:00:00,33.0,54.0,1009.2,0,normal
INM00043278,2026-04-02 12:00:00,30.2,69.0,1008.3,0,normal
INM00043278,2026-04-02 15:00:00,28.2,76.0,1009.9,0,normal
INM00043278,2026-04-03 00:00:00,26.0,87.0,1010.0,0,normal
INM00043278,2026-04-03 03:00:00,29.0,71.0,1011.8,0,normal
INM00043278,2026-04-03 06:00:00,32.9,54.0,1011.0,0,normal
INM00043278,2026-04-03 09:00:00,32.7,56.0,1008.1,0,normal
INM00043278,2026-04-03 12:00:00,30.5,66.0,1006.9,0,normal
INM00043278,2026-04-03 15:00:00,29.0,74.0,1009.2,0,normal
INM00043278,2026-04-04 00:00:00,52.4,86.0,1008.4,1,temperature_spike
INM00043278,2026-04-04 06:00:00,33.1,74.0,1009.1,0,normal
INM00043278,2026-04-04 09:00:00,33.4,59.0,1009.4,0,normal
INM00043278,2026-04-04 15:00:00,29.3,84.0,1008.8,0,normal
INM00043278,2026-04-05 00:00:00,27.9,81.0,1007.0,0,normal
INM00043278,2026-04-05 03:00:00,29.6,66.0,1009.2,0,normal
INM00043278,2026-04-05 06:00:00,33.7,60.0,1008.2,0,normal
INM00043278,2026-04-05 09:00:00,33.1,64.0,1005.1,0,normal
INM00043278,2026-04-05 12:00:00,30.8,80.0,1004.7,0,normal
INM00043278,2026-04-05 15:00:00,29.6,88.0,1007.2,0,normal
INM00043278,2026-04-06 00:00:00,29.2,91.0,1007.4,0,normal
INM00043278,2026-04-06 03:00:00,30.0,81.0,1010.0,0,normal
INM00043278,2026-04-06 06:00:00,30.9,82.0,1009.9,0,normal
INM00043278,2026-04-06 09:00:00,27.6,86.0,1006.9,0,normal
INM00043278,2026-04-06 12:00:00,29.7,75.0,1006.2,0,normal
INM00043278,2026-04-06 15:00:00,28.7,87.0,1008.4,0,normal
INM00043278,2026-04-07 00:00:00,27.6,83.0,1008.4,0,normal
INM00043278,2026-04-07 03:00:00,55.0,70.0,1010.3,1,temperature_spike
INM00043278,2026-04-07 06:00:00,33.0,64.0,1009.3,0,normal
INM00043278,2026-04-07 09:00:00,33.0,67.0,1007.2,0,normal
INM00043278,2026-04-07 12:00:00,31.0,76.0,1005.7,0,normal
INM00043278,2026-04-08 00:00:00,28.2,87.0,1007.7,0,normal
INM00043278,2026-04-08 03:00:00,31.0,80.0,1010.0,0,normal
INM00043278,2026-04-08 06:00:00,58.5,72.0,1009.1,1,temperature_spike
INM00043278,2026-04-08 09:00:00,33.8,65.0,1006.6,0,normal
INM00043278,2026-04-08 12:00:00,30.4,80.0,1006.3,0,normal
INM00043278,2026-04-08 15:00:00,29.8,88.0,1008.2,0,normal
INM00043278,2026-04-09 00:00:00,28.8,86.0,1009.2,0,normal
INM00043278,2026-04-09 03:00:00,30.2,84.0,1011.6,0,normal
INM00043278,2026-04-09 06:00:00,33.4,76.0,1009.9,0,normal
INM00043278,2026-04-09 09:00:00,32.7,72.0,1007.3,0,normal
INM00043278,2026-04-09 12:00:00,30.8,80.0,1006.8,0,normal
INM00043278,2026-04-09 15:00:00,29.8,85.0,1008.8,0,normal
INM00043278,2026-04-10 00:00:00,28.4,89.0,1009.1,0,normal
INM00043278,2026-04-10 03:00:00,31.0,76.0,1011.5,0,normal
INM00043278,2026-04-10 06:00:00,33.7,66.0,1011.0,0,normal
INM00043278,2026-04-10 09:00:00,33.5,70.0,1008.5,0,normal
INM00043278,2026-04-10 12:00:00,30.7,81.0,1008.0,0,normal
INM00043278,2026-04-10 15:00:00,29.3,87.0,1010.2,0,normal
INM00043278,2026-04-11 00:00:00,27.9,90.0,1010.1,0,normal
INM00043278,2026-04-11 03:00:00,30.0,80.0,1011.7,0,normal
INM00043278,2026-04-11 06:00:00,26.0,101.0,1010.7,0,normal
INM00043278,2026-04-11 09:00:00,33.4,65.0,1007.5,0,normal
INM00043278,2026-04-11 12:00:00,31.5,76.0,1007.3,0,normal
INM00043278,2026-04-11 15:00:00,29.6,80.0,1009.2,0,normal
INM00043278,2026-04-12 00:00:00,28.0,87.0,1007.7,0,normal
INM00043278,2026-04-12 03:00:00,30.0,74.0,1010.0,0,normal
INM00043278,2026-04-12 06:00:00,32.7,67.0,1009.1,0,normal
INM00043278,2026-04-12 09:00:00,33.0,67.0,1005.7,0,normal
INM00043278,2026-04-12 12:00:00,31.0,72.0,1006.6,0,normal
INM00043278,2026-04-12 15:00:00,29.0,82.0,1008.6,0,normal
INM00043278,2026-04-13 00:00:00,27.5,92.0,1008.8,1,temperature_drift
INM00043278,2026-04-13 03:00:00,30.4,77.0,1010.8,1,temperature_drift
INM00043278,2026-04-13 06:00:00,36.4,58.0,1010.2,1,temperature_drift
INM00043278,2026-04-13 09:00:00,34.2,67.0,1007.4,1,temperature_drift
INM00043278,2026-04-13 12:00:00,32.6,76.0,1007.4,1,temperature_drift
INM00043278,2026-04-13 15:00:00,30.9,86.0,1009.6,1,temperature_drift
INM00043278,2026-04-14 00:00:00,29.4,92.0,1008.7,1,temperature_drift
INM00043278,2026-04-14 03:00:00,32.6,80.0,1010.9,1,temperature_drift
INM00043278,2026-04-14 06:00:00,37.0,57.0,1009.9,1,temperature_drift
INM00043278,2026-04-14 09:00:00,36.6,62.0,1006.5,1,temperature_drift
INM00043278,2026-04-14 12:00:00,35.2,70.0,1006.0,1,temperature_drift
INM00043278,2026-04-14 15:00:00,34.0,82.0,1008.0,1,temperature_drift
INM00043278,2026-04-15 00:00:00,32.8,90.0,1007.6,1,temperature_drift
INM00043278,2026-04-15 03:00:00,55.900000000000006,78.0,1008.7,1,temperature_drift
INM00043278,2026-04-15 06:00:00,40.4,57.0,1007.6,1,temperature_drift
INM00043278,2026-04-15 09:00:00,39.8,64.0,1005.2,1,temperature_drift
INM00043278,2026-04-15 12:00:00,37.4,78.0,1004.1,1,temperature_drift
INM00043278,2026-04-15 15:00:00,36.400000000000006,86.0,1006.8,1,temperature_drift
INM00043278,2026-04-16 00:00:00,36.0,86.0,1006.1,1,temperature_drift
INM00043278,2026-04-16 03:00:00,38.3,78.0,1008.5,1,temperature_drift
INM00043278,2026-04-16 06:00:00,41.9,66.0,1008.3,1,temperature_drift
INM00043278,2026-04-16 09:00:00,41.0,69.0,1006.5,1,temperature_drift
INM00043278,2026-04-16 12:00:00,39.900000000000006,76.0,1004.8,1,temperature_drift
INM00043278,2026-04-16 15:00:00,39.0,82.0,1007.3,1,temperature_drift
INM00043278,2026-04-17 00:00:00,37.900000000000006,90.0,1007.5,1,temperature_drift
INM00043278,2026-04-17 03:00:00,38.3,90.0,1007.5,1,temperature_drift
INM00043278,2026-04-17 06:00:00,43.6,68.0,1009.0,1,temperature_drift
INM00043278,2026-04-17 09:00:00,43.8,66.0,1006.2,1,temperature_drift
INM00043278,2026-04-17 12:00:00,42.6,73.0,1005.6,1,temperature_drift
INM00043278,2026-04-17 15:00:00,41.1,84.0,1007.6,1,temperature_drift
INM00043278,2026-04-18 00:00:00,40.8,85.0,1007.6,1,temperature_drift
INM00043278,2026-04-18 03:00:00,30.5,78.0,1009.0,0,normal
INM00043278,2026-04-18 06:00:00,33.3,64.0,1008.6,0,normal
INM00043278,2026-04-18 09:00:00,32.5,73.0,1006.1,0,normal
INM00043278,2026-04-18 12:00:00,40.0,41.0,1005.8,0,normal
INM00043278,2026-04-18 15:00:00,29.0,79.0,1007.7,0,normal
INM00043278,2026-04-19 00:00:00,27.2,90.0,1007.0,0,normal
INM00043278,2026-04-19 03:00:00,30.5,66.0,1008.6,0,normal
INM00043278,2026-04-19 06:00:00,36.8,52.0,1008.0,0,normal
INM00043278,2026-04-19 09:00:00,33.3,61.0,1005.9,0,normal
INM00043278,2026-04-19 12:00:00,40.6,44.0,1005.2,0,normal
INM00043278,2026-04-19 15:00:00,29.8,80.0,1007.2,0,normal
INM00043278,2026-04-20 00:00:00,28.1,88.0,1007.4,0,normal
INM00043278,2026-04-20 03:00:00,30.8,68.0,1009.2,0,normal
INM00043278,2026-04-20 06:00:00,49.3,55.0,1008.1,1,temperature_spike
INM00043278,2026-04-20 09:00:00,33.4,56.0,1005.2,0,normal
INM00043278,2026-04-20 12:00:00,31.6,74.0,1005.0,0,normal
INM00043278,2026-04-20 15:00:00,29.7,81.0,1007.4,0,normal
INM00043278,2026-04-21 00:00:00,28.0,86.0,1007.1,0,normal
INM00043278,2026-04-21 03:00:00,30.0,78.0,1008.7,0,normal
INM00043278,2026-04-21 06:00:00,35.2,50.0,1007.4,0,normal
INM00043278,2026-04-21 09:00:00,35.0,50.0,1004.7,0,normal
INM00043278,2026-04-21 12:00:00,31.4,70.0,1004.4,0,normal
INM00043278,2026-04-21 15:00:00,29.8,82.0,1006.9,0,normal
INM00043278,2026-04-22 00:00:00,28.2,89.0,1006.6,0,normal
INM00043278,2026-04-22 03:00:00,30.4,76.0,1009.2,0,normal
INM00043278,2026-04-22 06:00:00,34.0,70.0,1007.6,0,normal
INM00043278,2026-04-22 09:00:00,33.9,56.0,1005.1,0,normal
INM00043278,2026-04-22 12:00:00,31.7,68.0,1004.3,0,normal
INM00043278,2026-04-22 15:00:00,29.2,83.0,1005.1,0,normal
INM00043278,2026-04-23 00:00:00,27.6,89.0,1006.2,0,normal
INM00043278,2026-04-23 03:00:00,30.8,72.0,1008.0,0,normal
INM00043278,2026-04-23 06:00:00,30.0,67.0,1007.1,0,normal
INM00043278,2026-04-23 09:00:00,34.2,52.0,1004.8,0,normal
INM00043278,2026-04-23 12:00:00,31.2,71.0,1004.4,0,normal
INM00043278,2026-04-23 15:00:00,30.0,78.0,1006.9,0,normal
INM00043278,2026-04-24 00:00:00,25.4,103.0,1005.4,0,normal
INM00043278,2026-04-24 03:00:00,30.8,74.0,1008.0,0,normal
INM00043278,2026-04-24 06:00:00,34.0,58.0,1007.2,0,normal
INM00043278,2026-04-24 09:00:00,34.0,54.0,1005.3,0,normal
INM00043278,2026-04-24 12:00:00,31.0,69.0,1005.1,0,normal
INM00043278,2026-04-24 15:00:00,30.0,78.0,1007.2,0,normal
INM00043278,2026-04-25 00:00:00,28.4,88.0,1007.1,0,normal
INM00043278,2026-04-25 03:00:00,31.0,77.0,1009.0,0,normal
INM00043278,2026-04-25 06:00:00,33.9,62.0,1008.5,0,normal
INM00043278,2026-04-25 09:00:00,33.5,65.0,1006.2,0,normal
INM00043278,2026-04-25 12:00:00,31.4,72.0,1006.4,0,normal
INM00043278,2026-04-25 15:00:00,29.8,81.0,1008.4,0,normal
INM00043278,2026-04-26 03:00:00,30.5,79.0,1009.7,0,normal
INM00043278,2026-04-26 06:00:00,33.7,62.0,1008.4,0,normal
INM00043278,2026-04-26 09:00:00,34.0,57.0,1005.2,0,normal
INM00043278,2026-04-26 12:00:00,28.8,83.0,1005.1,0,normal
INM00043278,2026-04-26 15:00:00,29.9,79.0,1006.6,0,normal
INM00043278,2026-04-27 00:00:00,28.1,92.0,1006.1,0,normal
INM00043278,2026-04-27 03:00:00,30.6,77.0,1008.0,0,normal
INM00043278,2026-04-27 06:00:00,34.1,61.0,1006.8,0,normal
INM00043278,2026-04-27 09:00:00,34.0,58.0,1003.8,0,normal
INM00043278,2026-04-27 12:00:00,31.7,72.0,1003.2,0,normal
INM00043278,2026-04-27 15:00:00,30.0,80.0,1005.4,0,normal
INM00043278,2026-04-28 00:00:00,29.0,86.0,1005.7,0,normal
INM00043278,2026-04-28 03:00:00,31.2,73.0,1007.6,0,normal
INM00043278,2026-04-28 06:00:00,35.8,51.0,1006.5,0,normal
INM00043278,2026-04-28 09:00:00,35.0,54.0,1004.8,0,normal
INM00043278,2026-04-28 12:00:00,41.6,43.0,958.6,0,normal
INM00043278,2026-04-28 15:00:00,30.1,84.0,1005.9,0,normal
INM00043278,2026-04-29 00:00:00,29.2,88.0,1005.3,0,normal
INM00043278,2026-04-29 03:00:00,31.5,75.0,1007.4,0,normal
INM00043278,2026-04-29 06:00:00,34.5,62.0,1007.0,0,normal
INM00043278,2026-04-29 09:00:00,34.5,63.0,1004.8,0,normal
INM00043278,2026-04-29 12:00:00,31.6,82.0,1003.9,0,normal
INM00043278,2026-04-29 15:00:00,30.8,84.0,1006.4,0,normal
INM00043278,2026-04-30 00:00:00,29.8,86.0,1006.4,0,normal
INM00043278,2026-04-30 03:00:00,32.3,67.0,1008.1,0,normal
INM00043278,2026-04-30 06:00:00,37.1,48.0,1006.9,0,normal
INM00043278,2026-04-30 09:00:00,34.8,64.0,1004.9,0,normal
INM00043278,2026-04-30 12:00:00,32.1,80.0,1004.2,0,normal
INM00043278,2026-04-30 15:00:00,30.8,83.0,1006.9,0,normal
INM00043278,2026-05-01 00:00:00,30.0,76.0,1006.6,0,normal
INM00043278,2026-05-01 03:00:00,30.4,65.0,1007.8,0,normal
INM00043278,2026-05-01 06:00:00,36.0,48.0,1007.5,0,normal
INM00043278,2026-05-01 09:00:00,35.9,57.0,1004.5,0,normal
INM00043278,2026-05-01 12:00:00,32.2,78.0,1003.3,0,normal
INM00043278,2026-05-01 15:00:00,31.2,81.0,1005.5,0,normal
INM00043278,2026-05-02 00:00:00,30.0,85.0,1005.1,0,normal
INM00043278,2026-05-02 03:00:00,32.2,72.0,1007.1,0,normal
INM00043278,2026-05-02 06:00:00,35.1,66.0,1006.2,0,normal
INM00043278,2026-05-02 09:00:00,54.0,71.0,1002.7,1,temperature_spike
INM00043278,2026-05-02 12:00:00,32.4,79.0,1001.9,0,normal
INM00043278,2026-05-02 15:00:00,31.1,81.0,1004.1,0,normal
INM00043278,2026-05-03 00:00:00,30.0,66.0,1004.4,0,normal
INM00043278,2026-05-03 03:00:00,31.8,58.0,1007.0,0,normal
INM00043278,2026-05-03 06:00:00,37.1,48.0,1005.2,0,normal
INM00043278,2026-05-03 09:00:00,35.8,52.0,1003.6,0,normal
INM00043278,2026-05-03 12:00:00,32.0,72.0,1002.7,0,normal
INM00043278,2026-05-03 15:00:00,32.4,70.0,1004.4,0,normal
INM00043278,2026-05-04 00:00:00,24.4,95.0,996.0,0,normal
INM00043278,2026-05-04 03:00:00,29.8,77.0,1007.2,0,normal
INM00043278,2026-05-04 06:00:00,34.5,56.0,1006.7,0,normal
INM00043278,2026-05-04 09:00:00,36.4,51.0,1003.4,0,normal
INM00043278,2026-05-04 12:00:00,32.0,71.0,1003.3,0,normal
INM00043278,2026-05-04 15:00:00,30.4,81.0,1006.1,0,normal
INM00043278,2026-05-05 00:00:00,28.4,72.0,1006.2,0,normal
INM00043278,2026-05-05 03:00:00,32.4,54.0,1007.3,0,normal
INM00043278,2026-05-05 06:00:00,34.6,50.0,1007.4,0,normal
INM00043278,2026-05-05 09:00:00,33.1,58.0,1005.9,0,normal
INM00043278,2026-05-05 12:00:00,30.6,76.0,1005.2,0,normal
INM00043278,2026-05-05 15:00:00,29.9,83.0,1006.9,0,normal
INM00043278,2026-05-06 00:00:00,24.0,117.0,1006.1,0,normal
INM00043278,2026-05-06 03:00:00,30.9,82.0,1007.6,0,normal
INM00043278,2026-05-06 06:00:00,34.0,79.0,1007.1,1,humidity_spike
INM00043278,2026-05-06 09:00:00,33.0,68.0,1005.0,0,normal
INM00043278,2026-05-06 12:00:00,31.4,70.0,1004.4,0,normal
INM00043278,2026-05-06 15:00:00,30.0,74.0,1006.0,0,normal
INM00043278,2026-05-07 00:00:00,28.6,85.0,1006.1,0,normal
INM00043278,2026-05-07 03:00:00,31.2,71.0,1007.9,0,normal
INM00043278,2026-05-07 06:00:00,33.5,58.0,1007.2,0,normal
INM00043278,2026-05-07 09:00:00,54.0,62.0,1005.1,1,temperature_spike
INM00043278,2026-05-07 12:00:00,32.0,69.0,1004.4,0,normal
INM00043278,2026-05-07 15:00:00,30.0,76.0,1006.0,0,normal
INM00043278,2026-05-08 00:00:00,28.6,83.0,1006.6,0,normal
INM00043278,2026-05-08 03:00:00,31.8,71.0,1008.0,0,normal
INM00043278,2026-05-08 06:00:00,30.0,81.0,1008.2,0,normal
INM00043278,2026-05-08 09:00:00,31.0,71.0,1006.0,0,normal
INM00043278,2026-05-08 12:00:00,50.1,72.0,1006.2,1,temperature_spike
INM00043278,2026-05-08 15:00:00,29.0,82.0,1007.5,0,normal
INM00043278,2026-05-09 03:00:00,25.8,95.0,1008.4,0,normal
INM00043278,2026-05-09 06:00:00,28.8,83.0,1008.2,0,normal
INM00043278,2026-05-09 09:00:00,26.8,97.0,1006.7,0,normal
INM00043278,2026-05-09 12:00:00,28.0,92.0,1005.9,0,normal
INM00043278,2026-05-09 15:00:00,27.7,93.0,1007.2,0,normal
INM00043278,2026-05-10 00:00:00,26.4,97.0,1006.0,0,normal
INM00043278,2026-05-10 03:00:00,29.2,86.0,1006.2,0,normal
INM00043278,2026-05-10 06:00:00,34.0,63.0,998.4,0,normal
INM00043278,2026-05-10 09:00:00,31.6,79.0,1004.9,0,normal
INM00043278,2026-05-10 12:00:00,31.2,70.0,1004.8,0,normal
INM00043278,2026-05-10 15:00:00,29.0,79.0,1006.8,0,normal
INM00043278,2026-05-11 00:00:00,27.0,94.0,1005.3,0,normal
INM00043278,2026-05-11 03:00:00,30.4,76.0,1007.7,0,normal
INM00043278,2026-05-11 06:00:00,32.2,64.0,1006.5,0,normal
INM00043278,2026-05-11 09:00:00,33.0,60.0,1004.3,0,normal
INM00043278,2026-05-11 12:00:00,37.2,50.0,994.2,0,normal
INM00043278,2026-05-11 15:00:00,29.6,77.0,1007.0,0,normal
INM00043278,2026-05-12 00:00:00,27.2,90.0,1004.4,0,normal
INM00043278,2026-05-12 03:00:00,30.0,78.0,1005.6,0,normal
INM00043278,2026-05-12 06:00:00,32.0,65.0,1005.4,0,normal
INM00043278,2026-05-12 09:00:00,33.2,62.0,1002.9,0,normal
INM00043278,2026-05-12 12:00:00,34.2,56.0,992.1,0,normal
INM00043278,2026-05-12 15:00:00,29.8,77.0,1005.0,0,normal
INM00043278,2026-05-13 00:00:00,27.7,90.0,1003.1,0,normal
INM00043278,2026-05-13 03:00:00,31.8,72.0,1004.9,0,normal
INM00043278,2026-05-13 06:00:00,34.0,56.0,1004.5,0,normal
INM00043278,2026-05-13 09:00:00,34.0,62.0,1001.9,0,normal
INM00043278,2026-05-13 12:00:00,32.0,66.0,1001.4,0,normal
INM00043278,2026-05-13 15:00:00,30.0,81.0,1003.6,0,normal
INM00043278,2026-05-14 00:00:00,28.0,92.0,1001.3,0,normal
INM00043278,2026-05-14 03:00:00,30.7,66.0,1004.1,0,normal
INM00043278,2026-05-14 06:00:00,33.1,63.0,1003.5,0,normal
INM00043278,2026-05-14 09:00:00,34.0,62.0,1001.6,0,normal
INM00043278,2026-05-14 12:00:00,32.0,66.0,1001.0,0,normal
INM00043278,2026-05-14 15:00:00,30.1,82.0,1002.8,0,normal
INM00043278,2026-05-15 00:00:00,29.0,88.0,1002.7,0,normal
INM00043278,2026-05-15 03:00:00,31.0,78.0,1003.0,0,normal
INM00043278,2026-05-15 06:00:00,31.0,81.0,1003.4,0,normal
INM00043278,2026-05-15 09:00:00,30.0,83.0,1002.6,0,normal
INM00043278,2026-05-15 12:00:00,27.8,87.0,1001.9,0,normal
INM00043278,2026-05-15 15:00:00,27.1,96.0,1003.0,0,normal
INM00043278,2026-05-16 00:00:00,27.6,94.0,1002.3,0,normal
INM00043278,2026-05-16 03:00:00,30.0,95.0,1004.2,1,humidity_spike
INM00043278,2026-05-16 06:00:00,34.0,63.0,1004.1,0,normal
INM00043278,2026-05-16 09:00:00,34.8,61.0,1002.6,0,normal
INM00043278,2026-05-16 12:00:00,32.0,78.0,1002.2,0,normal
INM00043278,2026-05-16 15:00:00,30.2,83.0,1003.1,0,normal
INM00043278,2026-05-17 00:00:00,28.6,88.0,1003.6,0,normal
INM00043278,2026-05-17 03:00:00,51.4,91.0,1005.6,1,humidity_spike
INM00043278,2026-05-17 06:00:00,33.4,68.0,1004.8,0,normal
INM00043278,2026-05-17 09:00:00,34.0,67.0,1002.1,0,normal
INM00043278,2026-05-17 12:00:00,32.2,75.0,1001.8,0,normal
INM00043278,2026-05-17 15:00:00,30.7,82.0,1004.7,0,normal
INM00043278,2026-05-18 00:00:00,29.0,82.0,1003.6,0,normal
INM00043278,2026-05-18 03:00:00,31.8,67.0,1005.3,0,normal
INM00043278,2026-05-18 06:00:00,34.6,64.0,1004.8,0,normal
INM00043278,2026-05-18 09:00:00,34.6,65.0,1002.3,0,normal
INM00043278,2026-05-18 12:00:00,32.4,74.0,1001.7,0,normal
INM00043278,2026-05-18 15:00:00,30.5,86.0,1004.0,0,normal
INM00043278,2026-05-19 00:00:00,29.2,79.0,1003.8,0,normal
INM00043278,2026-05-19 03:00:00,32.0,65.0,1005.4,0,normal
INM00043278,2026-05-19 06:00:00,36.0,51.0,1004.8,0,normal
INM00043278,2026-05-19 09:00:00,38.0,44.0,1002.0,0,normal
INM00043278,2026-05-19 12:00:00,33.2,66.0,1001.1,0,normal
INM00043278,2026-05-19 15:00:00,30.8,78.0,1003.5,0,normal
INM00043278,2026-05-20 00:00:00,29.2,76.0,1003.0,0,normal
INM00043278,2026-05-20 03:00:00,32.8,62.0,1004.6,0,normal
INM00043278,2026-05-20 06:00:00,37.6,48.0,1003.4,0,normal
INM00043278,2026-05-20 09:00:00,40.2,57.0,1010.8,1,humidity_spike
INM00043278,2026-05-20 12:00:00,35.4,63.0,1000.3,0,normal
INM00043278,2026-05-20 15:00:00,33.0,71.0,1002.8,0,normal
INM00043278,2026-05-21 00:00:00,31.2,72.0,1002.3,0,normal
INM00043278,2026-05-21 03:00:00,34.2,60.0,1004.0,0,normal
INM00043278,2026-05-21 09:00:00,36.3,61.0,1001.2,0,normal
INM00043278,2026-05-21 12:00:00,34.0,66.0,1001.5,0,normal
INM00043278,2026-05-21 15:00:00,33.0,72.0,1003.8,0,normal
INM00043278,2026-05-22 00:00:00,30.6,84.0,1003.5,0,normal
INM00043278,2026-05-22 03:00:00,33.4,59.0,1005.4,0,normal
INM00043278,2026-05-22 06:00:00,38.2,45.0,1005.2,0,normal
INM00043278,2026-05-23 03:00:00,31.0,69.0,1005.7,0,normal
INM00043278,2026-05-23 12:00:00,32.0,63.0,1004.6,0,normal
INM00043278,2026-05-24 00:00:00,30.0,72.0,1004.7,0,normal
INM00043278,2026-05-24 03:00:00,33.0,62.0,1006.4,0,normal
INM00043278,2026-05-24 06:00:00,37.3,47.0,1006.3,0,normal
INM00043278,2026-05-24 09:00:00,36.4,55.0,1004.5,0,normal
INM00043278,2026-05-25 06:00:00,38.0,44.0,1005.7,0,normal
INM00043278,2026-05-25 09:00:00,34.5,61.0,1003.8,0,normal
INM00043278,2026-05-25 12:00:00,34.5,59.0,1003.5,0,normal
INM00043278,2026-05-25 15:00:00,32.2,71.0,1005.8,0,normal
INM00043278,2026-05-26 00:00:00,30.0,78.0,1005.4,0,normal
INM00043278,2026-05-26 03:00:00,32.9,64.0,1006.4,0,normal
INM00043278,2026-05-26 06:00:00,38.0,45.0,1006.2,0,normal
INM00043278,2026-05-26 09:00:00,36.0,59.0,1003.6,0,normal
INM00043278,2026-05-26 12:00:00,33.1,69.0,1004.8,0,normal
INM00043278,2026-05-26 15:00:00,31.2,58.0,1006.9,0,normal
INM00043278,2026-05-27 00:00:00,29.0,67.0,1006.6,0,normal
INM00043278,2026-05-27 03:00:00,32.8,67.0,1008.2,0,normal
INM00043278,2026-05-27 06:00:00,36.2,61.0,1006.9,0,normal
INM00043278,2026-05-27 09:00:00,36.0,56.0,1005.2,0,normal
INM00043278,2026-05-27 12:00:00,33.1,68.0,1005.2,0,normal
INM00043278,2026-05-27 15:00:00,31.6,65.0,1007.3,0,normal
INM00043278,2026-05-28 00:00:00,30.0,83.0,1006.6,0,normal
INM00043278,2026-05-28 03:00:00,33.0,66.0,1007.8,0,normal
INM00043278,2026-05-28 06:00:00,38.0,49.0,1007.2,0,normal
INM00043278,2026-05-28 09:00:00,36.5,62.0,1004.7,0,normal
INM00043278,2026-05-28 12:00:00,34.0,69.0,1004.8,0,normal
INM00043278,2026-05-28 15:00:00,31.4,83.0,1006.5,0,normal
INM00043278,2026-05-29 00:00:00,27.8,84.0,1007.1,0,normal
INM00043278,2026-05-29 03:00:00,28.9,76.0,1005.2,0,normal
INM00043278,2026-05-29 06:00:00,35.6,51.0,1006.2,0,normal
INM00043278,2026-05-29 09:00:00,33.6,67.0,1004.4,0,normal
INM00043278,2026-05-29 12:00:00,32.8,69.0,1003.7,0,normal
INM00043278,2026-05-29 15:00:00,31.0,84.0,1005.9,0,normal
INM00043278,2026-05-30 00:00:00,29.0,71.0,1004.0,0,normal
INM00043278,2026-05-30 03:00:00,32.0,64.0,1007.0,0,normal
INM00043278,2026-05-30 06:00:00,33.0,69.0,1008.9,0,normal
INM00043278,2026-05-30 09:00:00,34.0,61.0,1006.0,0,normal
INM00043278,2026-05-30 12:00:00,33.7,61.0,1004.0,0,normal
INM00043278,2026-05-30 15:00:00,30.7,75.0,1006.0,0,normal
INM00043278,2026-05-31 00:00:00,29.8,78.0,1005.9,0,normal
INM00043278,2026-05-31 03:00:00,32.7,63.0,1007.0,0,normal
INM00043278,2026-05-31 06:00:00,38.0,42.0,1006.3,0,normal
INM00043278,2026-05-31 09:00:00,34.4,72.0,1005.0,0,normal
INM00043278,2026-05-31 12:00:00,33.1,70.0,1003.9,0,normal
INM00043278,2026-05-31 15:00:00,31.4,79.0,1006.9,0,normal
INM00043278,2026-06-01 00:00:00,29.2,74.0,1005.8,0,normal
INM00043278,2026-06-01 03:00:00,32.4,62.0,1007.1,0,normal
INM00043278,2026-06-01 06:00:00,37.8,50.0,1007.2,0,normal
INM00043278,2026-06-01 09:00:00,33.0,72.0,1006.1,0,normal
INM00043278,2026-06-01 12:00:00,31.4,79.0,1006.5,0,normal
INM00043278,2026-06-01 15:00:00,31.2,71.0,1007.2,0,normal
INM00043278,2026-06-02 03:00:00,32.3,76.0,1008.0,0,normal
INM00043278,2026-06-02 06:00:00,36.0,59.0,1006.9,0,normal
INM00043278,2026-06-02 09:00:00,34.8,72.0,1004.1,0,normal
INM00043278,2026-06-02 12:00:00,32.6,79.0,1003.7,0,normal
INM00043278,2026-06-02 15:00:00,31.2,81.0,1006.3,0,normal
INM00043278,2026-06-03 00:00:00,29.0,83.0,1005.2,0,normal
INM00043278,2026-06-03 03:00:00,32.0,67.0,1006.2,0,normal
INM00043278,2026-06-03 06:00:00,34.8,57.0,1003.3,0,normal
INM00043278,2026-06-03 09:00:00,35.0,67.0,1002.2,0,normal
INM00043278,2026-06-03 12:00:00,32.0,75.0,1002.4,0,normal
INM00043278,2026-06-03 15:00:00,31.0,78.0,1003.9,0,normal
INM00043278,2026-06-04 00:00:00,30.8,64.0,1003.9,0,normal
INM00043278,2026-06-04 03:00:00,33.3,58.0,1005.0,0,normal
INM00043278,2026-06-04 06:00:00,37.2,50.0,1004.3,0,normal
INM00043278,2026-06-04 09:00:00,35.5,65.0,1002.4,0,normal
INM00043278,2026-06-04 12:00:00,33.3,70.0,1001.8,0,normal
INM00043278,2026-06-04 15:00:00,31.3,81.0,1003.5,0,normal
INM00043278,2026-06-05 00:00:00,31.0,71.0,1003.0,0,normal
INM00043278,2026-06-05 03:00:00,33.8,59.0,1004.5,0,normal
INM00043278,2026-06-05 06:00:00,38.0,50.0,1004.1,0,normal
INM00043278,2026-06-05 09:00:00,39.8,47.0,1002.3,0,normal
INM00043278,2026-06-05 12:00:00,30.7,77.0,1001.7,0,normal
INM00043278,2026-06-05 15:00:00,31.0,83.0,1004.1,0,normal
INM00043278,2026-06-06 00:00:00,30.5,70.0,1003.5,0,normal
INM00043278,2026-06-06 03:00:00,34.0,59.0,1005.3,0,normal
INM00043278,2026-06-06 06:00:00,37.0,52.0,1005.0,0,normal
INM00043278,2026-06-06 09:00:00,37.8,52.0,1002.2,0,normal
INM00043278,2026-06-06 12:00:00,33.0,79.0,1001.8,0,normal
INM00043278,2026-06-06 15:00:00,31.0,91.0,1003.9,0,normal
INM00043278,2026-06-07 00:00:00,31.0,72.0,1004.5,0,normal
INM00043278,2026-06-07 03:00:00,32.8,68.0,1006.4,0,normal
INM00043278,2026-06-07 06:00:00,36.2,59.0,1005.5,0,normal
INM00043278,2026-06-07 09:00:00,39.0,52.0,1003.0,0,normal
INM00043278,2026-06-07 12:00:00,33.0,77.0,1002.3,0,normal
INM00043278,2026-06-07 15:00:00,56.6,87.0,1005.3,1,temperature_spike
INM00043278,2026-06-08 00:00:00,26.6,97.0,1005.3,0,normal
INM00043278,2026-06-08 03:00:00,33.8,64.0,1007.4,0,normal
INM00043278,2026-06-08 06:00:00,37.0,55.0,1005.9,0,normal
INM00043278,2026-06-08 09:00:00,38.5,53.0,1003.2,0,normal
INM00043278,2026-06-08 12:00:00,34.8,72.0,1002.6,0,normal
INM00043278,2026-06-08 15:00:00,31.2,90.0,1004.8,0,normal
INM00043278,2026-06-09 00:00:00,31.4,85.0,1004.6,1,humidity_spike
INM00043278,2026-06-09 03:00:00,33.5,67.0,1006.3,0,normal
INM00043278,2026-06-09 06:00:00,35.2,80.0,969.7,1,humidity_spike
INM00043278,2026-06-09 09:00:00,38.2,58.0,1002.7,0,normal
INM00043278,2026-06-09 12:00:00,33.9,73.0,1001.4,0,normal
INM00043278,2026-06-09 15:00:00,32.9,80.0,1005.0,0,normal
INM00043278,2026-06-10 00:00:00,29.9,75.0,1005.0,0,normal
INM00043278,2026-06-10 03:00:00,32.6,73.0,1006.1,0,normal
INM00043278,2026-06-10 06:00:00,36.0,65.0,1005.1,0,normal
INM00043278,2026-06-10 09:00:00,38.6,59.0,1002.7,0,normal
INM00043278,2026-06-10 12:00:00,35.0,71.0,1002.6,0,normal
INM00043278,2026-06-10 15:00:00,32.9,80.0,1004.1,0,normal
INM00043278,2026-06-11 00:00:00,31.6,75.0,1003.2,0,normal
INM00043278,2026-06-11 03:00:00,31.8,69.0,1005.9,0,normal
INM00043278,2026-06-11 06:00:00,34.8,68.0,1005.9,0,normal
INM00043278,2026-06-11 09:00:00,31.4,88.0,1004.7,0,normal
INM00043278,2026-06-11 12:00:00,31.0,91.0,1003.4,0,normal
INM00043278,2026-06-11 15:00:00,30.6,86.0,1005.1,0,normal
INM00043278,2026-06-12 00:00:00,30.1,92.0,1004.5,0,normal
INM00043278,2026-06-12 03:00:00,31.8,78.0,1007.0,0,normal
INM00043278,2026-06-12 06:00:00,33.6,73.0,1007.1,0,normal
INM00043278,2026-06-12 09:00:00,31.0,86.0,1004.7,0,normal
INM00043278,2026-06-12 12:00:00,31.8,80.0,1004.9,0,normal
INM00043278,2026-06-12 15:00:00,30.2,94.0,1006.2,0,normal
INM00043278,2026-06-13 00:00:00,28.0,90.0,1006.5,0,normal
INM00043278,2026-06-13 03:00:00,28.7,90.0,1008.6,0,normal
INM00043278,2026-06-13 06:00:00,34.4,69.0,1007.2,0,normal
INM00043278,2026-06-13 09:00:00,37.8,65.0,1005.2,0,normal
INM00043278,2026-06-13 12:00:00,32.0,86.0,1004.3,0,normal
INM00043278,2026-06-13 15:00:00,30.2,97.0,1006.4,0,normal
INM00043278,2026-06-14 00:00:00,28.8,91.0,1005.8,0,normal
INM00043278,2026-06-14 03:00:00,29.8,88.0,1007.0,0,normal
INM00043278,2026-06-14 06:00:00,34.8,72.0,1005.9,0,normal
INM00043278,2026-06-14 09:00:00,37.1,68.0,1004.0,0,normal
INM00043278,2026-06-14 12:00:00,34.4,77.0,1003.2,0,normal
INM00043278,2026-06-14 15:00:00,31.2,87.0,1005.4,0,normal
INM00043278,2026-06-15 00:00:00,29.6,85.0,1004.7,0,normal
INM00043278,2026-06-15 03:00:00,32.8,78.0,1005.9,0,normal
INM00043278,2026-06-15 06:00:00,33.2,72.0,1004.9,0,normal
INM00043278,2026-06-15 09:00:00,35.4,57.0,1003.3,0,normal
INM00043278,2026-06-15 12:00:00,33.3,58.0,1002.9,0,normal
INM00043278,2026-06-15 15:00:00,32.0,61.0,1005.0,0,normal
INM00043278,2026-06-16 00:00:00,29.9,74.0,1004.5,0,normal
INM00043278,2026-06-16 03:00:00,32.6,63.0,1006.4,0,normal
INM00043278,2026-06-16 06:00:00,37.3,43.0,1005.4,0,normal
INM00043278,2026-06-16 09:00:00,38.0,51.0,1003.2,0,normal
INM00043278,2026-06-16 12:00:00,33.8,58.0,1002.4,0,normal
INM00043278,2026-06-16 15:00:00,32.4,65.0,1005.3,0,normal
INM00043278,2026-06-17 00:00:00,29.6,77.0,1005.4,0,normal
INM00043278,2026-06-17 03:00:00,30.2,78.0,1006.7,0,normal
INM00043278,2026-06-17 06:00:00,36.0,55.0,1005.9,0,normal
INM00043278,2026-06-17 09:00:00,35.5,63.0,1003.2,0,normal
INM00043278,2026-06-17 12:00:00,32.4,73.0,1002.9,0,normal
INM00043278,2026-06-17 15:00:00,31.2,80.0,1005.3,0,normal
INM00043278,2026-06-18 00:00:00,29.0,76.0,1005.4,0,normal
INM00043278,2026-06-18 03:00:00,30.2,76.0,1007.7,0,normal
INM00043278,2026-06-18 06:00:00,35.3,59.0,1006.1,0,normal
INM00043278,2026-06-18 09:00:00,37.8,50.0,1003.8,0,normal
INM00043278,2026-06-18 12:00:00,26.1,95.0,1004.5,0,normal
INM00043278,2026-06-18 15:00:00,28.9,83.0,1005.9,0,normal
INM00043278,2026-06-19 00:00:00,28.2,91.0,1006.1,0,normal
INM00043278,2026-06-19 03:00:00,29.6,83.0,1007.2,0,normal
INM00043278,2026-06-19 06:00:00,33.4,65.0,1006.6,0,normal
INM00043278,2026-06-19 09:00:00,36.6,56.0,1004.8,0,normal
INM00043278,2026-06-19 12:00:00,32.6,72.0,1004.2,0,normal
INM00043278,2026-06-19 15:00:00,30.6,73.0,1006.9,0,normal
INM00043278,2026-06-20 00:00:00,28.3,83.0,1005.0,0,normal
INM00043278,2026-06-20 03:00:00,30.3,78.0,1007.9,0,normal
INM00043278,2026-06-20 06:00:00,32.9,71.0,1008.0,0,normal
INM00043278,2026-06-20 09:00:00,34.6,72.0,1005.4,0,normal
INM00043278,2026-06-20 12:00:00,32.9,73.0,1004.6,0,normal
INM00043278,2026-06-20 15:00:00,30.7,79.0,1007.5,0,normal
INM00043278,2026-06-21 00:00:00,28.6,85.0,1006.8,0,normal
INM00043278,2026-06-21 03:00:00,30.6,76.0,1007.8,0,normal
INM00043278,2026-06-21 06:00:00,36.0,52.0,1007.0,0,normal
INM00043278,2026-06-21 09:00:00,33.0,70.0,1005.6,0,normal
INM00043278,2026-06-21 12:00:00,31.3,78.0,1006.1,0,normal
INM00043278,2026-06-21 15:00:00,28.2,87.0,1007.3,0,normal
INM00043278,2026-06-22 03:00:00,29.4,77.0,1008.2,0,normal
INM00043278,2026-06-22 06:00:00,33.4,68.0,1007.6,0,normal
INM00043278,2026-06-22 09:00:00,34.8,69.0,1005.2,0,normal
INM00043278,2026-06-22 12:00:00,32.4,77.0,1003.8,0,normal
INM00043278,2026-06-22 15:00:00,30.0,74.0,1007.6,0,normal
INM00043278,2026-06-23 03:00:00,32.0,65.0,1006.8,0,normal
INM00043278,2026-06-23 06:00:00,36.0,55.0,1006.2,0,normal
INM00043278,2026-06-23 09:00:00,37.9,52.0,1003.6,0,normal
INM00043278,2026-06-23 12:00:00,32.2,78.0,1003.5,0,normal
INM00043278,2026-06-23 15:00:00,27.9,98.0,1005.3,0,normal
INM00043278,2026-06-24 00:00:00,29.2,75.0,1005.5,0,normal
INM00043278,2026-06-24 03:00:00,30.5,70.0,1007.6,0,normal
INM00043278,2026-06-24 06:00:00,34.9,59.0,1006.4,0,normal
INM00043278,2026-06-24 09:00:00,35.6,56.0,1004.6,0,normal
INM00043278,2026-06-24 12:00:00,33.7,71.0,1003.0,0,normal
INM00043278,2026-06-24 15:00:00,31.4,76.0,1004.6,0,normal
INM00043278,2026-06-25 00:00:00,30.0,73.0,1005.4,0,normal
INM00043278,2026-06-25 03:00:00,32.2,66.0,1007.0,0,normal
INM00043278,2026-06-25 06:00:00,35.6,55.0,1005.7,0,normal
INM00043278,2026-06-25 09:00:00,39.0,46.0,1003.7,0,normal
INM00043278,2026-06-25 12:00:00,32.2,78.0,1002.3,0,normal
INM00043278,2026-06-25 15:00:00,30.8,84.0,1004.9,0,normal
INM00043278,2026-06-26 00:00:00,28.7,103.0,1005.1,1,humidity_spike
INM00043278,2026-06-26 03:00:00,30.2,77.0,1006.9,0,normal
INM00043278,2026-06-26 06:00:00,34.8,63.0,1005.9,0,normal
INM00043278,2026-06-26 09:00:00,37.0,55.0,1003.9,0,normal
INM00043278,2026-06-26 12:00:00,32.8,70.0,1003.1,0,normal
INM00043278,2026-06-26 15:00:00,30.4,86.0,1004.9,0,normal
INM00043278,2026-06-27 00:00:00,29.0,85.0,1004.3,0,normal
INM00043278,2026-06-27 03:00:00,32.9,70.0,1005.2,0,normal
INM00043278,2026-06-27 06:00:00,36.8,57.0,1005.0,0,normal
INM00043278,2026-06-27 09:00:00,36.8,62.0,1002.9,0,normal
INM00043278,2026-06-27 12:00:00,33.2,72.0,1002.4,0,normal
INM00043278,2026-06-27 15:00:00,30.4,86.0,1004.8,0,normal
INM00043278,2026-06-28 00:00:00,27.0,100.0,1004.8,0,normal
INM00043278,2026-06-28 03:00:00,30.9,79.0,1005.5,0,normal
INM00043278,2026-06-28 06:00:00,35.1,64.0,1005.2,0,normal
INM00043278,2026-06-28 09:00:00,35.0,71.0,1002.4,0,normal
INM00043278,2026-06-28 12:00:00,34.0,78.0,1001.5,0,normal
INM00043278,2026-06-28 15:00:00,30.3,88.0,1004.5,0,normal
INM00043278,2026-06-29 00:00:00,28.0,89.0,1004.9,0,normal
INM00043278,2026-06-29 06:00:00,35.7,56.0,1004.9,0,normal
INM00043278,2026-06-29 09:00:00,34.8,67.0,1003.8,0,normal
INM00043278,2026-06-29 12:00:00,33.2,72.0,1002.7,0,normal
INM00043278,2026-06-29 15:00:00,30.6,87.0,1003.8,0,normal
INM00043278,2026-06-30 00:00:00,29.8,73.0,1004.5,0,normal
INM00043278,2026-06-30 03:00:00,32.6,64.0,1005.9,0,normal
INM00043278,2026-06-30 06:00:00,29.6,76.0,937.4,0,normal
INM00043278,2026-06-30 09:00:00,38.0,46.0,1003.5,0,normal
INM00043278,2026-06-30 12:00:00,28.9,99.0,1004.2,0,normal
INM00043278,2026-06-30 15:00:00,29.0,95.0,1004.5,0,normal
INM00043278,2026-07-01 00:00:00,30.0,72.0,1004.1,0,normal
INM00043278,2026-07-01 03:00:00,30.7,71.0,1005.8,0,normal
INM00043278,2026-07-01 06:00:00,34.0,62.0,1004.8,0,normal
INM00043278,2026-07-01 09:00:00,34.3,61.0,1002.8,0,normal
INM00043278,2026-07-01 12:00:00,34.5,57.0,1002.1,0,normal
INM00043278,2026-07-01 15:00:00,33.2,60.0,1004.0,0,normal
INM00043278,2026-07-02 00:00:00,30.0,67.0,1004.5,0,normal
INM00043278,2026-07-02 03:00:00,31.2,66.0,1005.3,0,normal
INM00043278,2026-07-02 06:00:00,34.2,58.0,1005.2,0,normal
INM00043278,2026-07-02 09:00:00,35.8,54.0,1002.9,0,normal
INM00043278,2026-07-02 12:00:00,35.4,55.0,1002.5,0,normal
INM00043278,2026-07-03 00:00:00,30.0,69.0,1004.8,0,normal
INM00043278,2026-07-03 03:00:00,32.0,65.0,1005.7,0,normal
INM00043278,2026-07-03 06:00:00,32.0,67.0,1005.4,0,normal
INM00043278,2026-07-03 09:00:00,34.4,60.0,1003.7,0,normal
INM00043278,2026-07-05 12:00:00,36.3,58.0,1001.6,0,normal
INM00043278,2026-07-05 15:00:00,34.5,51.0,1003.6,0,normal
INM00043278,2026-07-06 00:00:00,29.2,70.0,1004.4,0,normal
INM00043278,2026-07-06 03:00:00,31.8,64.0,1005.0,0,normal
INM00043278,2026-07-06 06:00:00,35.6,53.0,1004.4,0,normal
INM00043278,2026-07-06 09:00:00,38.4,50.0,1001.7,0,normal
INM00043278,2026-07-06 12:00:00,37.6,49.0,1001.3,0,normal
INM00043278,2026-07-06 15:00:00,34.7,57.0,1003.8,0,normal
INM00043278,2026-07-07 00:00:00,30.0,72.0,1005.0,0,normal
INM00043278,2026-07-07 03:00:00,32.6,67.0,1006.4,0,normal
INM00043278,2026-07-07 06:00:00,36.1,62.0,1005.0,0,normal
INM00043278,2026-07-07 09:00:00,38.6,53.0,1002.7,0,normal
INM00043278,2026-07-07 12:00:00,34.9,81.0,1002.4,0,normal
INM00043278,2026-07-07 15:00:00,30.9,81.0,1004.9,0,normal
INM00043278,2026-07-08 00:00:00,30.6,68.0,1005.0,0,normal
INM00043278,2026-07-08 03:00:00,31.8,65.0,1006.2,0,normal
INM00043278,2026-07-08 06:00:00,36.0,57.0,1005.4,0,normal
INM00043278,2026-07-08 09:00:00,38.1,59.0,1003.3,0,normal
INM00043278,2026-07-08 12:00:00,34.6,69.0,1002.7,0,normal
INM00043278,2026-07-08 15:00:00,31.4,75.0,1004.8,0,normal
INM00043278,2026-07-09 00:00:00,30.8,73.0,1005.2,0,normal
INM00043278,2026-07-09 03:00:00,33.2,66.0,1007.0,0,normal
INM00043278,2026-07-09 06:00:00,36.8,58.0,1006.2,0,normal
INM00043278,2026-07-09 09:00:00,34.0,69.0,1004.3,0,normal
INM00043278,2026-07-09 12:00:00,31.0,84.0,1004.6,0,normal
INM00043278,2026-07-09 15:00:00,26.8,97.0,1007.4,0,normal
INM00043278,2026-07-10 00:00:00,28.2,97.0,1006.3,0,normal
INM00043278,2026-07-10 03:00:00,29.0,94.0,1008.6,0,normal
INM00043278,2026-07-10 06:00:00,31.5,72.0,1008.5,0,normal
INM00043278,2026-07-10 09:00:00,34.0,65.0,1006.8,0,normal
INM00043278,2026-07-10 12:00:00,33.0,74.0,1005.9,0,normal
INM00043278,2026-07-10 15:00:00,30.0,85.0,1007.2,0,normal
INM00043278,2026-07-11 00:00:00,27.8,87.0,1006.2,0,normal
INM00043278,2026-07-11 03:00:00,31.0,78.0,1007.8,0,normal
INM00043278,2026-07-11 06:00:00,35.0,62.0,1006.6,0,normal
INM00043278,2026-07-11 09:00:00,37.4,55.0,1004.2,0,normal
INM00043278,2026-07-11 12:00:00,33.2,72.0,1003.5,0,normal
INM00043278,2026-07-11 15:00:00,30.4,91.0,1005.2,0,normal
INM00043278,2026-07-12 00:00:00,29.4,87.0,1003.5,0,normal
INM00043278,2026-07-12 03:00:00,32.2,72.0,1004.9,0,normal
INM00043278,2026-07-12 06:00:00,36.0,60.0,1004.6,0,normal
INM00043278,2026-07-12 09:00:00,36.0,62.0,1001.7,0,normal
INM00043278,2026-07-12 12:00:00,33.0,76.0,1002.1,0,normal
INM00043278,2026-07-12 15:00:00,30.5,93.0,1003.9,0,normal
INM00043278,2026-07-13 00:00:00,29.6,91.0,1003.5,0,normal
INM00043278,2026-07-13 03:00:00,32.5,67.0,1005.4,0,normal
INM00043278,2026-07-13 06:00:00,36.0,60.0,1004.8,0,normal
INM00043278,2026-07-13 09:00:00,38.8,56.0,1003.0,0,normal
INM00043278,2026-07-13 12:00:00,33.4,74.0,1001.7,0,normal
INM00043278,2026-07-13 15:00:00,30.7,88.0,1004.4,0,normal
INM00043278,2026-07-14 00:00:00,29.6,86.0,1003.4,0,normal
INM00043278,2026-07-14 03:00:00,33.2,63.0,1005.1,0,normal
INM00043278,2026-07-14 06:00:00,37.3,56.0,1004.1,0,normal
INM00043278,2026-07-14 09:00:00,35.5,65.0,1003.0,0,normal
INM00043278,2026-07-14 12:00:00,32.9,87.0,1002.2,1,humidity_spike
INM00043278,2026-07-14 15:00:00,31.2,81.0,1004.7,0,normal
INM00043278,2026-07-15 00:00:00,29.0,92.0,1004.6,0,normal
INM00043278,2026-07-15 03:00:00,31.5,82.0,1005.6,0,normal
INM00043278,2026-07-15 06:00:00,37.0,61.0,1005.4,0,normal
INM00043278,2026-07-15 09:00:00,34.5,73.0,1003.9,0,normal
INM00043278,2026-07-15 12:00:00,33.5,75.0,1003.7,0,normal
INM00043278,2026-07-15 15:00:00,31.0,84.0,1005.5,0,normal
INM00043278,2026-07-16 00:00:00,28.9,87.0,1005.5,0,normal
INM00043278,2026-07-16 03:00:00,31.4,72.0,1006.9,0,normal
INM00043278,2026-07-16 06:00:00,35.5,57.0,1006.3,0,normal
INM00043278,2026-07-16 09:00:00,37.8,54.0,1004.1,0,normal
INM00043278,2026-07-16 12:00:00,33.8,65.0,1004.1,0,normal
INM00043278,2026-07-16 15:00:00,31.0,81.0,1005.7,0,normal
INM00043278,2026-07-17 00:00:00,29.4,88.0,1005.9,0,normal
INM00043278,2026-07-17 03:00:00,32.0,76.0,1008.0,0,normal
INM00043278,2026-07-17 06:00:00,31.0,78.0,1006.6,0,normal
INM00043278,2026-07-17 09:00:00,36.3,67.0,1004.3,0,normal
INM00043278,2026-07-17 12:00:00,27.6,100.0,1004.9,0,normal
INM00043278,2026-07-17 15:00:00,27.8,97.0,1006.6,0,normal
INM00043278,2026-07-18 00:00:00,27.2,94.0,1006.0,0,normal
INM00043278,2026-07-18 03:00:00,28.2,91.0,1008.2,0,normal
INM00043278,2026-07-18 06:00:00,31.7,74.0,1006.8,0,normal
INM00043278,2026-07-18 09:00:00,32.0,75.0,1005.3,0,normal
INM00043278,2026-07-18 12:00:00,30.2,84.0,1004.6,0,normal
INM00043278,2026-07-18 15:00:00,29.5,92.0,1006.6,0,normal
INM00043278,2026-07-19 00:00:00,26.8,94.0,1006.3,0,normal
INM00043278,2026-07-19 03:00:00,29.9,76.0,1006.7,0,normal
INM00043278,2026-07-19 06:00:00,32.0,79.0,1007.0,0,normal
INM00043278,2026-07-19 09:00:00,31.9,82.0,1004.7,0,normal
INM00043278,2026-07-19 12:00:00,30.3,86.0,1004.8,0,normal
INM00043278,2026-07-19 15:00:00,29.5,87.0,1006.2,0,normal
INM00043278,2026-07-20 00:00:00,27.3,91.0,1005.7,0,normal
INM00043278,2026-07-20 03:00:00,28.3,92.0,1007.6,0,normal
INM00043278,2026-07-20 06:00:00,32.7,71.0,1007.0,0,normal
INM00043278,2026-07-20 09:00:00,35.1,59.0,1004.9,0,normal
INM00043278,2026-07-20 12:00:00,31.2,76.0,1004.2,0,normal
INM00043278,2026-07-20 15:00:00,30.0,85.0,1006.3,0,normal
INM00043278,2026-07-21 00:00:00,27.0,97.0,1006.4,0,normal
INM00043278,2026-07-21 03:00:00,29.2,91.0,1007.8,0,normal
INM00043278,2026-07-21 06:00:00,33.4,67.0,1006.8,0,normal
INM00043278,2026-07-21 09:00:00,36.0,60.0,1005.8,0,normal
INM00043278,2026-07-21 12:00:00,32.0,74.0,1005.2,0,normal
INM00043278,2026-07-21 15:00:00,30.0,88.0,1006.5,0,normal
INM00043278,2026-07-22 00:00:00,28.0,96.0,1006.4,0,normal
INM00043278,2026-07-22 03:00:00,30.1,81.0,1008.2,0,normal
INM00043278,2026-07-22 06:00:00,35.3,61.0,1007.0,0,normal
INM00043278,2026-07-22 09:00:00,34.0,77.0,1005.7,0,normal
INM00043278,2026-07-22 12:00:00,31.5,86.0,1004.8,0,normal
INM00043278,2026-07-22 15:00:00,29.8,95.0,1008.1,0,normal
INM00043278,2026-07-23 00:00:00,28.6,86.0,1006.3,0,normal
INM00043278,2026-07-23 03:00:00,30.1,91.0,1008.4,0,normal
INM00043278,2026-07-23 06:00:00,34.2,63.0,1006.6,0,normal
INM00043278,2026-07-23 09:00:00,34.5,71.0,1005.0,0,normal
INM00043278,2026-07-23 12:00:00,31.2,83.0,1004.1,0,normal
INM00043278,2026-07-23 15:00:00,29.9,86.0,1005.6,0,normal
INM00043278,2026-07-24 00:00:00,29.0,90.0,1005.2,0,normal
INM00043278,2026-07-24 03:00:00,30.0,88.0,1006.9,0,normal
INM00043278,2026-07-24 06:00:00,34.4,63.0,1006.2,0,normal
INM00043278,2026-07-24 09:00:00,34.0,75.0,1004.1,0,normal
INM00043278,2026-07-24 12:00:00,32.5,76.0,1004.3,0,normal
INM00043278,2026-07-24 15:00:00,30.0,88.0,1005.7,0,normal
INM00043278,2026-07-25 03:00:00,31.0,81.0,1006.1,0,normal
INM00043278,2026-07-25 06:00:00,34.0,53.0,1005.8,0,normal
INM00043278,2026-07-25 09:00:00,35.0,62.0,1004.0,0,normal
INM00043278,2026-07-25 12:00:00,31.0,78.0,1002.9,0,normal
INM00043278,2026-07-25 15:00:00,30.1,84.0,1005.1,0,normal
